Name,Line 1,Line 2,Town,County,Postcode,lat,lng
Abraham Darby Brierley Hill (Wetherspoon),Debenhams Plc,Merry Hill,Brierley Hill,West Midlands,DY5 1QX,52.4795616,-2.1113937
St Matthews Hall Walsall (Wetherspoon),Lichfield Street,,Walsall,West Midlands,WS1 1SX,52.5852778,-1.98
The Arthur Robertson Birmingham (Wetherspoon),Walsall Road,Perry Barr,Birmingham,West Midlands,B42 1AA,52.5168899,-1.9026008
The Atrium Birmingham (Wetherspoon),"NEC, National Exhibition Centre",,Birmingham,West Midlands,B40 1NT,52.45459700000001,-1.717906
The Avion Aldridge (Wetherspoon),19 Anchor Road,Aldridge,Walsall,West Midlands,WS9 8PT,52.603429,-1.919698
The Bellwether Wednesbury (Wetherspoon),3-4 Walsall Street,,Wednesbury,West Midlands,WS10 9BZ,52.553248,-2.018997
The Billiard Hall West Bromwich (Wetherspoon),West Bromwich Ringway,,West Bromwich,West Midlands,B70 7AB,52.5184576,-1.9953257
The Bishop Vesey Sutton Coldfield (Wetherspoon),63 Boldmere Road,Boldmere,Sutton Coldfield,West Midlands,B73 5XA,52.5485153,-1.8409266
The Black Horse Birmingham (Wetherspoon),Bristol Road South,,Birmingham,West Midlands,B31 2QT,52.4118083,-1.9736306
The Bloxwich Showman Bloxwich (Wetherspoon),156 High Street,Bloxwich,Walsall,West Midlands,WS3 3JT,52.61478,-2.004171
The Bottle of Sack Sutton Coldfield (Wetherspoon),2 Birmingham Road,The Parade,Sutton Coldfield,West Midlands,B72 1QG,52.560252,-1.825511
The Briar Rose Birmingham (Wetherspoon),25 Bennetts Hill,,Birmingham,West Midlands,B2 5RE,52.47996,-1.9001548
The Britannia Rowley Regis (Wetherspoon),124 Halesowen Street,Blackheath,Rowley Regis,West Midlands,B65 0ES,52.4738191,-2.0419467
The Charlie Hall Birmingham (Wetherspoon),49 Barnabas Road,,Birmingham,West Midlands,B23 6SH,52.524249,-1.83997
The Chequers Inn Stourbridge (Wetherspoon),96 High St,,Stourbridge,West Midlands,DY8 1FA,52.45495099999999,-2.143779
The City Arms Coventry (Wetherspoon),1 Earlsdon Street,Earlsdon,Coventry,West Midlands,CV5 6EP,52.3995778,-1.5307389
The Clifton Sedgley (Wetherspoon),Bull Ring,Sedgley,Dudley,West Midlands,DY3 1RX,52.541402,-2.122461
The Court of Requests Oldbury (Wetherspoon),Church Street,,Oldbury,West Midlands,B69 3AF,52.5046889,-2.0157664
The Cross Inn Kingswinford (Wetherspoon),847 High Street,,Kingswinford,West Midlands,DY6 8AA,52.4973305,-2.168247
The Dragon Inn Birmingham (Wetherspoon),Hurst Street,,Birmingham,West Midlands,B5 4TD,52.4743029,-1.8966329
The Earl of Mercia Coventry (Wetherspoon),18 High Street,,Coventry,West Midlands,CV1 5RE,52.4071374,-1.5085892
The Elizabeth of York Moseley (Wetherspoon),12a Saint Mary's Row,,Birmingham,West Midlands,B13 8JG,52.4462986,-1.8875405
The Figure of Eight Birmingham (Wetherspoon),236-239 Broad Street,,Birmingham,West Midlands,B1 2HG,52.4765279,-1.9122347
The Flying Standard Coventry (Wetherspoon),2-10 Trinity Street,,Coventry,West Midlands,CV1 1FL,52.4090578,-1.5093994
The Full Moon Dudley (Wetherspoon),58-60 High Street,,Dudley,West Midlands,DY1 1PY,52.509425,-2.084455
The Hornet Birmingham (Wetherspoon),991 Alum Rock Road,Ward End,Birmingham,West Midlands,B8 2LY,52.4926822,-1.8194877
The Malthouse Willenhall (Wetherspoon),New Road,,Willenhall,West Midlands,WV13 2BG,52.58296,-2.055027
The Mare Pool Mere Green (Wetherspoon),294 Lichfield Road,Mere Green,Sutton Coldfield,West Midlands,B74 2UG,52.5865039,-1.8285283
The Moon Under Water Cradley Heath (Wetherspoon),164-166 High Street,,Cradley Heath,West Midlands,B64 5HJ,52.4721489,-2.0825765
The Moon Under Water Wolverhampton (Wetherspoon),53-55 Lichfield Street,,Wolverhampton,West Midlands,WV1 1EQ,52.5868149,-2.124186
The Pear Tree Birmingham (Wetherspoon),25-27 Alcester Road South,King's Heath,Birmingham,West Midlands,B14 7JQ,52.4319414,-1.8928339
The Pump House Solihull (Wetherspoon),Stratford Road,Shirley,Solihull,Solihull,B90 3AQ,52.4127056,-1.8277501
The Royal Tiger Wednesfield (Wetherspoon),41-43 High Street,,Wolverhampton,West Midlands,WV11 1ST,52.6003195,-2.0819115
The Sir Henry Newbolt Bilston (Wetherspoon),45-47 High Street,,Bilston,West Midlands,WV14 0EP,52.5640943,-2.0804167
The Soloman Cutler Birmingham (Wetherspoon),5 Broad Street,,Birmingham,West Midlands,B1 2DS,52.4780556,-1.91
The Spon Gate Coventry (Wetherspoon),Croft Road,,Coventry,West Midlands,CV1 3AZ,52.4075447,-1.5180058
The Spread Eagle Birmingham (Wetherspoon),1146C Warwick Road,,Birmingham,West Midlands,B27 6BL,52.44673,-1.819665
The Square Peg Birmingham (Wetherspoon),115 Corporation Street,,Birmingham,West Midlands,B4 6PH,52.4819444,-1.895
The Waterfront Inn Brierley Hill (Wetherspoon),6-7 Level Street,,Brierley Hill,West Midlands,DY5 1UA,52.4858589,-2.1144181
The White Swan Solihull (Wetherspoon),32-34 Station Road,,Solihull,West Midlands,B91 3SB,52.414457,-1.781063
The William Shenstone Halesowen (Wetherspoon),1,Queensway,Halesowen,West Midlands,B63 4AB,52.4497887,-2.0507808
The William Tyler Birmingham (Wetherspoon),140 Church Road,Yardley,Birmingham,West Midlands,B25 8UT,52.4673622,-1.8084358
Wetherspoons Birmingham Airport (Wetherspoon),Birmingham Airport,,Birmingham,West Midlands,B26 3QJ,52.45238209999999,-1.7435071
Wetherspoons Birmingham NEC Exhibition Centre (Wetherspoon),Marston Green,Marston Green,Birmingham,West Midlands,B40 1NT,52.4520712,-1.7191653
Baxters Court Hackney (Wetherspoon),284 Mare Street,,London,Greater London,E8 1HE,51.5453222,-0.05505359999999999
Goldengrove Stratford (Wetherspoon),146-148 The Grove,,London,Greater London,E15 1NS,51.543751,0.003998
Goodmans Field Tower Hamlets (Wetherspoon),89 Mansell Street,,London,Greater London,E1 8AN,51.5114593,-0.0727646
Hamilton Hall City of London (Wetherspoon),Liverpool Street,,London,Greater London,EC2M 7PY,51.51747210000001,-0.0809564
JJ Moons Kingsbury (Wetherspoon),553 Kingsbury Road,,London,Greater London,NW9 9EL,51.584673,-0.279922
JJ Moons Ruislip Manor (Wetherspoon),12 Victoria Road,Ruislip Manor,Ruislip,Greater London,HA4 0AA,51.57329900000001,-0.4134262
JJ Moons Tooting (Wetherspoon),56a High Street,,London,Greater London,SW17 0RN,51.427847,-0.168426
JJ Moons Wembley (Wetherspoon),397 High Road,,London,Greater London,HA9 6AA,51.5535732,-0.2927243
Oyster Rooms Fulham (Wetherspoon),Fulham Road,,London,Greater London,SW6 1BW,51.4802778,-0.1944444
Penderels Oak Holborn (Wetherspoon),283-288 High Holborn,,London,Greater London,WC1V 7HP,51.5180108,-0.1154944
Shakespeares Head Holborn (Wetherspoon),64-68,Kingsway,London,Greater London,WC2B 6BG,51.51677859999999,-0.1195813
Spouters Corner Wood Green (Wetherspoon),Unit 5,,London,Greater London,N22 6EJ,51.596974,-0.108708
The Alfred Herring Palmers Green (Wetherspoon),316-322 Green Lanes,,London,Greater London,N13 5TT,51.6193645,-0.1068221
The Angel Islington (Wetherspoon),Angel Corner House,Islington High Street,London,Greater London,N1 9LQ,51.532185,-0.106422
The Asparagus Battersea (Wetherspoon),1-13 Falcon Road,,London,Greater London,SW11 2PL,51.46987799999999,-0.171417
The Bankers Draft Eltham (Wetherspoon),80 Eltham High Street,,London,Greater London,SE9 1BW,51.450679,0.052272
The Barrel Vault St Pancras (Wetherspoon),Unit 23,,London,Greater London,N1C 4QP,51.5325134,-0.1262881
The Beaten Docket Cricklewood (Wetherspoon),50-56,Cricklewood Broadway,London,Greater London,NW2 3ET,51.5536967,-0.2116481
The Beehive Brixton (Wetherspoon),407-409 Brixton Road,,London,Greater London,SW9 7DG,51.46376249999999,-0.1144775
The Botwell Inn Hayes (Wetherspoon),25-29 Coldharbour Lane,Hayes Town,Hayes,Greater London,UB3 3EB,51.508134,-0.416617
The Brockley Barge Brockley (Wetherspoon),184 Brockley Road,,London,Greater London,SE4 2RR,51.4641615,-0.0364816
The Capitol Forest Hill (Wetherspoon),11-21 London Road,,London,Greater London,SE23 3TW,51.439147,-0.054792
The Central Bar Shepherds Bush (Wetherspoon),Shepherd's Bush Green,,London,Greater London,W12 8PH,51.5039667,-0.2191056
The Coronation Hall Surbiton (Wetherspoon),7 Saint Mark's Hill,,Surbiton,Greater London,KT6 4PJ,51.3935762,-0.3036629
The Coronet Holloway (Wetherspoon),338-346 Holloway Road,,London,Greater London,N7 6NJ,51.5555774,-0.1158207
The Crosse Keys City of London (Wetherspoon),9 Gracechurch Street,,London,Greater London,EC3V 0DR,51.5126878,-0.0847095
The Drum Leyton (Wetherspoon),557-559 Lea Bridge Road,,London,Greater London,E10 7EQ,51.574922,-0.013721
The Edmund Halley Lee Green (Wetherspoon),25-27 Burnt Ash Road,,London,Greater London,SE12 8SS,51.45544169999999,0.0117213
The Edward Rayne Raynes Park (Wetherspoon),12,Coombe Lane,London,Greater London,SW20 8ND,51.40976910000001,-0.2287254
The Fox on the Hill Camberwell (Wetherspoon),149 Denmark Hill,,London,Greater London,SE5 8EH,51.46520220000001,-0.0895657
The Foxley Hatch Purley (Wetherspoon),Russell Hill Road,,Purley,Greater London,CR8 2LE,51.339382,-0.117581
The Furze Wren Bexleyheath (Wetherspoon),6,Market Place,Bexleyheath,Greater London,DA6 7DY,51.4565965,0.1479614
The Gate Clock Greenwich (Wetherspoon),210,Creek Road,London,Greater London,SE10 9RB,51.4815469,-0.0111223
The George Croydon (Wetherspoon),17-21,George Street,Croydon,Greater London,CR0 1LA,51.37501109999999,-0.0986967
The George Wanstead (Wetherspoon),155-159 High Street,,London,Greater London,E11 2RL,51.5760416,0.028259
The Good Yarn Uxbridge (Wetherspoon),132 High Street,,Uxbridge,Greater London,UB8 1JX,51.547785,-0.480843
The Great Harry Woolwich (Wetherspoon),7-9 Wellington Street,,London,Greater London,SE18 6PQ,51.489975,0.06691699999999999
The Greenwood Hotel Northolt (Wetherspoon),674 Whitton Avenue West,,Northolt,Greater London,UB5 4LA,51.55313,-0.3513453
The Greyhound Bromley (Wetherspoon),205 High Street,,Bromley,Greater London,BR1 1NY,51.406387,0.0133288
The Half Moon Mile End (Wetherspoon),213-223 Mile End Road,,London,Greater London,E1 4AA,51.5222372,-0.04546559999999999
The Harvest Moon Orpington (Wetherspoon),143 High Street,,Orpington,Greater London,BR6 0TW,51.3778616,0.101135
The Holland Tringham Streatham (Wetherspoon),107-109 Streatham High Road,,London,Greater London,SW16 1HJ,51.4301071,-0.1298651
The Hudson Bay Forest Gate (Wetherspoon),1-5 Upton Lane,,London,Greater London,E7 9PA,51.54499939999999,0.0262907
The Ice Wharf Camden (Wetherspoon),28 Jamestown Road,,London,Greater London,NW1 7BY,51.5407945,-0.1454212
The Kentish Drovers Peckham (Wetherspoon),71-79 Peckham High Street,,London,Greater London,SE15 5RS,51.473549,-0.07001199999999999
The Kings Ford Chingford (Wetherspoon),250-252 Chingford Mount Road,,London,Greater London,E4 8JL,51.6163684,-0.0171969
The Kings Tun Kingston upon Thames (Wetherspoon),153-157,Clarence Street,Kingston upon Thames,Greater London,KT1 1QT,51.4115681,-0.3008917
The Knights Templar Near Fleet Street (Wetherspoon),Off Carey Street,Fleet Street,London,Greater London,WC2A 1DT,51.5152778,-0.1119444
The Ledger Building Docklands (Wetherspoon),4,Hertsmere Road,London,Greater London,E14 4AL,51.5075722,-0.0245137
The Liberty Bounds Tower of London (Wetherspoon),15 Trinity Square,Tower Hill,London,Greater London,EC3N 4AA,51.5097184,-0.0786122
The London  Rye Catford (Wetherspoon),109 Rushey Green,,London,Greater London,SE6 4AF,51.4469719,-0.0183241
The Masque Haunt Old Street (Wetherspoon),168-172 Old Street,,London,Greater London,EC1V 9BP,51.5251179,-0.09047799999999999
The Metropolitan Bar Marylebone (Wetherspoon),7 Station Approach,Marylebone Road,London,Greater London,NW1 5LA,51.522517,-0.156875
The Milan Bar Croydon (Wetherspoon),14-32 High Street,,Croydon,Greater London,CR0 1YA,51.373056,-0.100647
The Millers Well East Ham (Wetherspoon),419-421 Barking Road,,London,Greater London,E6 2JX,51.53345299999999,0.05637180000000001
The Montagu Pyke West End (Wetherspoon),105-107 Charing Cross Road,,London,Greater London,WC2H 0DT,51.5140769,-0.1297293
The Moon  Stars Penge (Wetherspoon),164-166 High Street,,London,Greater London,SE20 7QS,51.4126968,-0.05083870000000001
The Moon and Sixpence Hatch End (Wetherspoon),250 Uxbridge Road,Hatch End,Pinner,Greater London,HA5 4HS,51.6084067,-0.3727064
The Moon and Stars Romford (Wetherspoon),99-103 South Street,,Romford,Greater London,RM1 1NX,51.575719,0.183146
The Moon on the Hill Harrow (Wetherspoon),373-375 Station Road,,Harrow,Greater London,HA1 2AW,51.5794444,-0.3341667
The Moon on the Hill Sutton (Wetherspoon),5-9 Hill Road,,Sutton,Greater London,SM1 1DZ,51.36188869999999,-0.1932395
The Moon on the Square Feltham (Wetherspoon),30,The Centre,Feltham,Greater London,TW13 4AU,51.4468034,-0.4102781
The Moon Under Water Colindale (Wetherspoon),10 Varley Parade,,London,Greater London,NW9 6RR,51.5873989,-0.2510259
The Moon Under Water Hounslow (Wetherspoon),84-86 Staines Road,,Hounslow,Greater London,TW3 3LF,51.4670219,-0.3693503
The Moon Under Water Norbury (Wetherspoon),1327,London Road,London,Greater London,SW16 4AU,51.4070707,-0.1215206
The Moon Under Water West End (Wetherspoon),28 Leicester Square,,London,Greater London,WC2H 7LE,51.5102778,-0.1292556
The Mossy Well Muswell Hill (Wetherspoon),258,Muswell Hill Broadway,London,Greater London,N10 3SH,51.5908226,-0.1416689
The New Cross Turnpike Welling (Wetherspoon),55 Bellegrove Road,,Welling,Greater London,DA16 3PB,51.462947,0.103909
The New Crown Southgate (Wetherspoon),80-84 Chase Side,,London,Greater London,N14 5PH,51.633352,-0.1306298
The New Moon Harrow (Wetherspoon),25-26,Kenton Road,Kenton,Harrow,HA3 8DN,51.5872433,-0.3042947
The Nonsuch Inn North Cheam (Wetherspoon),552-556 London Road,North Cheam,Sutton,Greater London,SM3 9AA,51.372406,-0.226052
The Plough  Harrow Hammersmith (Wetherspoon),120-124 King Street,,London,Greater London,W6 0QU,51.492759,-0.231441
The Pommelers Rest Tower Bridge South (Wetherspoon),196-198 Tower Bridge Road,,London,Greater London,SE1 2UN,51.5024361,-0.07721109999999999
The Postal Order Crystal Palace (Wetherspoon),32 Westow Street,,London,Greater London,SE19 3RW,51.4184379,-0.0821533
The Railway Bell Barnet (Wetherspoon),13 East Barnet Road,East Barnet,London,Barnet,EN4 8RR,51.650381,-0.173009
The Red Lion  Pineapple Acton (Wetherspoon),281 High Street,,London,Greater London,W3 9BP,51.5082354,-0.2766112
The Richmal Crompton Bromley (Wetherspoon),23 Westmoreland Place,,Bromley,Greater London,BR1 1DS,51.3997222,0.0166667
The Rochester Castle Stoke Newington (Wetherspoon),143-145 Stoke Newington High Street,,London,Greater London,N16 0NY,51.56095999999999,-0.073976
The Rocket Putney (Wetherspoon),Brewhouse Lane,,London,Greater London,SW15 2JQ,51.4654007,-0.2131601
The Rockingham Arms Elephant  Castle (Wetherspoon),119,Newington Causeway,London,Greater London,SE1 6BN,51.4959272,-0.09964650000000001
The Sir John Hawkshaw London (Wetherspoon),Cannon Street,,London,Greater London,EC4N 6AP,51.511042,-0.0902214
The Sir John Oldcastle Farringdon (Wetherspoon),29-35 Farringdon Road,,London,Greater London,EC1M 3JF,51.519816,-0.105882
The Sir Julian Huxley Selsdon (Wetherspoon),152-154 Addington Road,Selsdon,South Croydon,Greater London,CR2 8LB,51.343439,-0.062424
The Sir Michael Balcon Ealing (Wetherspoon),46-47 The Mall,,London,Greater London,W5 3TJ,51.513603,-0.298768
The Skylark Croydon (Wetherspoon),34-36 South End,,Croydon,Greater London,CR0 1DP,51.36618199999999,-0.099212
The Sovereign of the Seas Petts Wood (Wetherspoon),109-111 Queensway,Petts Wood,Orpington,Greater London,BR5 1DG,51.3893204,0.0720799
The Surrey Docks Rotherhithe (Wetherspoon),185 Lower Road,,London,Greater London,SE16 2LW,51.49303279999999,-0.0464699
The Tailors Chalk Sidcup (Wetherspoon),47-49 High Street,,Sidcup,Greater London,DA14 6ED,51.4262242,0.1035656
The Tichenham Inn Ickenham (Wetherspoon),11 Swakeleys Road,Ickenham,Uxbridge,Greater London,UB10 8DF,51.564449,-0.444724
The Toll Gate Harringay (Wetherspoon),26-30 Turnpike Lane,,London,Greater London,N8 0PS,51.5899728,-0.1051972
The Village Inn Rayners Lane (Wetherspoon),402 Rayners Lane,Rayners Lane,Harrow,Pinner,HA5 5DY,51.5769444,-0.3708333
The Walnut Tree Leytonstone (Wetherspoon),857-861 High Road Leytonstone,,London,Greater London,E11 1HH,51.5697894,0.0128575
The Watch House Lewisham (Wetherspoon),Lewisham High Street,,London,Greater London,SE13 6JP,51.4599417,-0.0116566
The Watchman New Malden (Wetherspoon),184 High Street,,New Malden,Greater London,KT3 4ES,51.3988588,-0.2552094
The Whispering Moon Wallington (Wetherspoon),25 Ross Parade,,Wallington,Greater London,SM6 8QF,51.360115,-0.1497129
The White Swan Islington (Wetherspoon),255-256 Upper Street,,London,Greater London,N1 1RY,51.545739,-0.103411
The Wibbas Down Inn Wimbledon (Wetherspoon),6-12 Gladstone Road,,London,Greater London,SW19 1QT,51.4191657,-0.2026086
The William Morris Hammersmith (Wetherspoon),2-4 King Street,,London,Greater London,W6 0QA,51.493072,-0.225273
The William Webb Ellis Twickenham (Wetherspoon),24 London Road,,Twickenham,Greater London,TW1 3RR,51.44756599999999,-0.3284964
The Willow Walk Victoria (Wetherspoon),25 Wilton Road,,London,Greater London,SW1V 1LW,51.495008,-0.142014
The Worlds Inn Romford (Wetherspoon),113-117 South Street,,Romford,Greater London,RM1 1NX,51.57570639999999,0.183166
The Wrong Un Bexleyheath (Wetherspoon),234-236 Broadway,,Bexleyheath,Greater London,DA6 8AS,51.4577778,0.1375
Wetherspoons Victoria Station Concourse (Wetherspoon),5 Victoria Station,,London,Greater London,SW1V 1JT,51.49507699999999,-0.1443459
Becketts Bank Leeds (Wetherspoon),28-30 Park Row,,Leeds,West Yorkshire,LS1 5HU,53.79857999999999,-1.547285
The Barum Top Inn Halifax (Wetherspoon),17 Rawson Street,,Halifax,West Yorkshire,HX1 1NX,53.72162849999999,-1.8626035
The Blue Bell Pontefract (Wetherspoon),8 Cross Hill,Hemsworth,Pontefract,West Yorkshire,WF9 4LQ,53.613552,-1.3542611
The Bowling Green Otley (Wetherspoon),18 Bondgate,,Otley,West Yorkshire,LS21 3AB,53.90426780000001,-1.6928981
The Briggate Leeds (Wetherspoon),37 Main Street,Garforth,Leeds,West Yorkshire,LS25 1DS,53.7933418,-1.3886665
The Broken Bridge Pontefract (Wetherspoon),5 Horse Fair,,Pontefract,West Yorkshire,WF8 1PD,53.6926614,-1.3094672
The Charles Henry Roe (Wetherspoon),41 Austhorpe Road,,Leeds,West Yorkshire,LS15 8BA,53.80747239999999,-1.4488472
The Cherry Tree Huddersfield (Wetherspoon),14-18 John William Street,,Huddersfield,West Yorkshire,HD1 1BA,53.6474756,-1.7820664
The Clothiers Arms Leeds (Wetherspoon),56 High Street,Yeadon,Leeds,West Yorkshire,LS19 7PP,53.866113,-1.681586
The Commercial Inn Sowerby Bridge (Wetherspoon),31,Wharf Street,Sowerby Bridge,West Yorkshire,HX6 2LA,53.7095906,-1.9078411
The Crossed Shuttle Leeds (Wetherspoon),11 Manor House Street,,Pudsey,West Yorkshire,LS28 7BJ,53.796505,-1.6617871
The Cuthbert Brodrick Leeds (Wetherspoon),99 Portland Crescent,,Leeds,West Yorkshire,LS2 3AD,53.8017962,-1.5477811
The Glass Blower Castleford (Wetherspoon),15 Bank Street,,Castleford,West Yorkshire,WF10 1JD,53.7269485,-1.3537078
The Hedley Verity Leeds (Wetherspoon),43a Woodhouse Lane,,Leeds,West Yorkshire,LS1 3HQ,53.802,-1.5458
The Lister Arms Ilkley (Wetherspoon),The Moors Shopping Centre,South Hawksworth Street,Ilkley,West Yorkshire,LS29 9LB,53.9257278,-1.8257074
The Livery Rooms Keighley (Wetherspoon),89-97 North Street,,Keighley,West Yorkshire,BD21 3AA,53.86867299999999,-1.909794
The Lord Wilson Huddersfield (Wetherspoon),Unit 27 Kingsgate Centre,King Street,Huddersfield,West Yorkshire,HD1 2PZ,53.645647,-1.779138
The Myrtle Grove Bingley (Wetherspoon),141 Main Street,,Bingley,West Yorkshire,BD16 1AJ,53.8472631,-1.8373406
The Obediah Brooke Cleckheaton (Wetherspoon),19 Bradford Road,,Cleckheaton,West Yorkshire,BD19 3JH,53.724622,-1.712401
The Old Unicorn Leeds (Wetherspoon),165 Town Street,Bramley,Leeds,West Yorkshire,LS13 3NA,53.8109049,-1.6274595
The Percy Shaw Halifax (Wetherspoon),Broad Street,,Halifax,West Yorkshire,HX1 1YA,53.7250709,-1.8601099
The Picture House Leeds (Wetherspoon),117a Queen Street,Morley,Leeds,West Yorkshire,LS27 8HE,53.74417099999999,-1.600059
The Richard Oastler Brighouse (Wetherspoon),Bethel Street,,Brighouse,West Yorkshire,HD6 1JN,53.7014192,-1.7799
The Sir Norman Rae Shipley (Wetherspoon),Market Square,,Shipley,West Yorkshire,BD18 3QB,53.8341244,-1.776647
The Six Chimneys Wakefield (Wetherspoon),41-43 Kirkgate,,Wakefield,West Yorkshire,WF1 1HX,53.682919,-1.494346
The Three Hulats Leeds (Wetherspoon),13 Harrogate Road,Chapel Allerton,Leeds,West Yorkshire,LS7 3NB,53.8260651,-1.5355275
The Turls Green Bradford (Wetherspoon),Unit D,,Bradford,West Yorkshire,BD1 1HY,53.793032,-1.754838
The Union Rooms Batley (Wetherspoon),4 Hick Lane,,Batley,West Yorkshire,WF17 5HW,53.7126331,-1.6285995
The White Hart Todmorden (Wetherspoon),Station Approach,,Todmorden,West Yorkshire,OL14 7BD,53.7141667,-2.0980556
The Winter Seam Castleford (Wetherspoon),Xscape,Colorado Way,Castleford,West Yorkshire,WF10 4TA,53.70962489999999,-1.3407297
Wetherspoons Leeds (Wetherspoon),North Concourse,,Leeds,West Yorkshire,LS1 4DY,53.795707,-1.5485719
Cabot Court Hotel WestonsuperMare (Wetherspoon),1 Knightstone Road,,Weston-super-Mare,North Somerset,BS23 2AH,51.3505556,-2.9825
Iron Duke Wellington (Wetherspoon),1 North Street,,Wellington,Somerset,TA21 8LX,50.978542,-3.2276349
The Carnival Inn Bridgwater (Wetherspoon),37 Saint Mary Street,,Bridgwater,Somerset,TA6 3LY,51.12746199999999,-3.004078
The Cerdic Chard (Wetherspoon),49-51 Fore Street,,Chard,Somerset,TA20 1PT,50.87329219999999,-2.9626945
The Coal Orchard Taunton (Wetherspoon),30 Bridge Street,,Taunton,Somerset,TA1 1UD,51.018383,-3.1047091
The Dragon Inn WestonsuperMare (Wetherspoon),15 Meadow Street,,Weston-super-Mare,North Somerset,BS23 1QG,51.3479416,-2.977916
The Duke of Wellington Minehead (Wetherspoon),Wellington Square,,Minehead,Somerset,TA24 5NH,51.2052618,-3.4793595
The Glassmaker Nailsea (Wetherspoon),12 Crown Glass Place,Nailsea,Bristol,North Somerset,BS48 1RD,51.4321715,-2.7586494
The King of Wessex Bath (Wetherspoon),5-10 James Street West,,Bath,Bath and North East Somerset,BA1 2BX,51.3809471,-2.3647044
The Lantokay Street (Wetherspoon),111-113 High Street,,Street,Somerset,BA16 0EY,51.1255602,-2.741101
The Palladium Electric Midsomer Norton (Wetherspoon),110 High Street,Midsomer Norton,Radstock,Bath and North East Somerset,BA3 2DA,51.2860873,-2.480747
The Perkin Warbeck Taunton (Wetherspoon),22-23 East Street,,Taunton,Somerset,TA1 3LP,51.014715,-3.099492
The Posset Cup Portishead (Wetherspoon),Unit 3 Mustard Way,Portishead,Bristol,North Somerset,BS20 7QZ,51.4857414,-2.7625338
The Quarter Jack Wells (Wetherspoon),14 Priory Road,,Wells,Somerset,BA5 1SY,51.20603389999999,-2.6502891
The Reeds Arms BurnhamonSea (Wetherspoon),1 Pier Street,,Burnham-on-Sea,Somerset,TA8 1BT,51.234374,-2.9991821
The William Dampier Yeovil (Wetherspoon),97 Middle Street,,Yeovil,Somerset,BA20 1LN,50.9416536,-2.6263869
Captain Ridleys Shooting Party Milton Keynes (Wetherspoon),183-185 Queensway,Fenny Stratford,Bletchley,Milton Keynes,MK2 2ED,51.995776,-0.726308
The Bell Aylesbury (Wetherspoon),40 Market Square,,Aylesbury,Buckinghamshire,HP20 1TX,51.815485,-0.812398
The Falcon High Wycombe (Wetherspoon),9,Cornmarket,High Wycombe,Buckinghamshire,HP11 2AX,51.6291873,-0.7511855
The Hope  Champion Beaconsfield (Wetherspoon),M40 Junction 2,,Beaconsfield,Buckinghamshire,HP9 2SE,51.5881806,-0.6276083
The Moon Under Water Milton Keynes (Wetherspoon),10 Avebury Boulevard,,Milton Keynes,,MK9 3NN,52.04192399999999,-0.748931
The White Hart Aylesbury (Wetherspoon),Unit 4 Exchange Street,,Aylesbury,Buckinghamshire,HP20 1UR,51.81539799999999,-0.809839
Wetherspoons Milton Keynes (Wetherspoon),201 Midsummer Boulevard,,Milton Keynes,,MK9 1EA,52.03748059999999,-0.7677139
Castle in the Air Manchester (Wetherspoon),7 Trafford Way,Trafford Park,Stretford,Manchester,M41 7JA,53.4681943,-2.3615485
Mardi Gras Manchester (Wetherspoon),Trafford Boulevard,Trafford Park,Stretford,Manchester,M17 8AA,53.465972,-2.349773
The Eccles Cross Eccles (Wetherspoon),13 Regent Street,Eccles,Manchester,Greater Manchester,M30 0BP,53.4833422,-2.334694400000001
The Edwin Waugh Heywood (Wetherspoon),10-12 Market Street,,Heywood,Greater Manchester,OL10 4LY,53.59377259999999,-2.2213187
The Ford Madox Brown Manchester (Wetherspoon),Wilmslow Road,Rusholme,Manchester,Greater Manchester,M13 9NG,53.458084,-2.226697
The Great Central Manchester (Wetherspoon),306 Wilmslow Road,,Manchester,Greater Manchester,M14 6NL,53.4410347,-2.219387
The Harbord Harbord Middleton (Wetherspoon),17-21 Long Street,Middleton,Manchester,Greater Manchester,M24 6TE,53.5501576,-2.1981735
The J P Joule Sale (Wetherspoon),2a Northenden Road,,Sale,Greater Manchester,M33 3BR,53.42407499999999,-2.317552
The Moon Under Water Manchester (Wetherspoon),68-74,,Manchester,Greater Manchester,M3 2FN,53.4827478,-2.2469223
The Paramount Manchester (Wetherspoon),33-35 Oxford Street,,Manchester,Greater Manchester,M1 4BH,53.4765129,-2.2425599
The Robert Peel Bury (Wetherspoon),5-10 Market Place,,Bury,Greater Manchester,BL9 0LD,53.5938005,-2.2981524
The Sedge Lynn ChorltoncumHardy (Wetherspoon),21A Manchester Road,Chorlton-cum-Hardy,Manchester,Greater Manchester,M21 9PN,53.4442491,-2.278723
The Seven Stars Manchester (Wetherspoon),6-8 Dantzic Street,,Manchester,Greater Manchester,M4 2BS,53.485096,-2.2401829
The Tim Bobbin Urmston (Wetherspoon),41 Flixton Road,Urmston,Manchester,Greater Manchester,M41 5AN,53.448196,-2.357192
The Up Steps Inn Oldham (Wetherspoon),17-23 High Street,,Oldham,Greater Manchester,OL1 3AJ,53.542231,-2.112833
The Waterhouse Manchester (Wetherspoon),67-71 Princess Street,,Manchester,Greater Manchester,M2 4EG,53.47917100000001,-2.243099
Wetherspoons Manchester (Wetherspoon),49 Piccadilly,,Manchester,Greater Manchester,M1 2AP,53.4811667,-2.2351306
Chapel an Gansblydhen Bodmin (Wetherspoon),Fore St,,Bodmin,Cornwall,PL31 2HR,50.4710627,-4.7234802
The Coinage Hall Helston (Wetherspoon),9-11 Coinagehall Street,,Helston,Cornwall,TR13 8ER,50.100822,-5.275214
The Green Parrot Perranporth (Wetherspoon),Saint George's Hill,,Perranporth,Cornwall,TR6 0JP,50.34433970000001,-5.156029699999999
The Hain Line St Ives (Wetherspoon),Tregenna Pl,,Saint Ives,Cornwall,TR26 1SB,50.2114639,-5.4807386
The John Francis Basset Camborne (Wetherspoon),Commercial Street,,Camborne,Cornwall,TR14 8JZ,50.2136146,-5.3010389
The King Doniert Liskeard (Wetherspoon),Barras Street,,Liskeard,Cornwall,PL14 6AB,50.45391799999999,-4.4650034
The Packet Station Falmouth (Wetherspoon),4 The Moor,,Falmouth,Cornwall,TR11 3QA,50.1547821,-5.0731278
The Rann Wartha St Austell (Wetherspoon),Biddicks Court,,Saint Austell,Cornwall,PL25 5EW,50.338748,-4.793412
The Towan Blystra Newquay (Wetherspoon),12-16 Cliff Road,,Newquay,Cornwall,TR7 1SG,50.4143295,-5.077446399999999
The Tremenheere Penzance (Wetherspoon),4-8 Market Place,,Penzance,Cornwall,TR18 2JA,50.1185778,-5.5367583
Try Dowr Truro (Wetherspoon),Lemon Quay,,Truro,Cornwall,TR1 2LW,50.2620736,-5.0503563
City and County Goole (Wetherspoon),Market Square,,Goole,East Riding of Yorkshire,DN14 5DR,53.7035233,-0.8711452
The Admiral of the Humber Kingston Upon Hull (Wetherspoon),1 Anlaby Road,,Hull,Kingston upon Hull,HU1 2NR,53.743185,-0.3437516
The Benjamin Fawcett Driffield (Wetherspoon),Middle St N,,Driffield,East Riding of Yorkshire,YO25 6SW,54.0063244,-0.4402166
The Prior John Bridlington (Wetherspoon),36 Promenade,,Bridlington,East Riding of Yorkshire,YO15 2QD,54.083669,-0.187867
The Three John Scotts Kingston Upon Hull (Wetherspoon),City Exchange,Lowgate,Hull,Kingston upon Hull,HU1 1XW,53.7438813,-0.3327847
Colombia Press Watford (Wetherspoon),72-74 The Parade,,Watford,Hertfordshire,WD17 1AW,51.6581693,-0.400321
Harpsfield Hall Hatfield (Wetherspoon),13a Parkhouse Court,,Hatfield,Hertfordshire,AL10 9RQ,51.7625644,-0.2403843
The Admiral Byng Potters Bar (Wetherspoon),186-192 Darkes Lane,,Potters Bar,Hertfordshire,EN6 1AF,51.699604,-0.19023
The Angel Vaults Inn Hitchin (Wetherspoon),5 Sun Street,,Hitchin,Hertfordshire,SG5 1AE,51.9465455,-0.2786339
The Crown Berkhamsted (Wetherspoon),145 High Street,,Berkhamsted,Hertfordshire,HP4 3HH,51.759795,-0.5631539999999999
The Full House Hemel Hempstead (Wetherspoon),128 Marlowes,,Hemel Hempstead,Hertfordshire,HP1 1EZ,51.7534843,-0.4726474
The Hart  Spool Borehamwood (Wetherspoon),148-150 Shenley Road,,Borehamwood,Hertfordshire,WD6 1EQ,51.6573133,-0.2722021
The King James Cheshunt (Wetherspoon),2-3 Lynton Parade,Turners Hill,Cheshunt,Waltham Cross,EN8 8LF,51.7008908,-0.0341196
The Manor House Royston (Wetherspoon),14 Melbourn Street,,Royston,Hertfordshire,SG8 7BZ,52.0483333,-0.0230556
The Moon and Cross Waltham Cross (Wetherspoon),104 High Street,,Waltham Cross,Hertfordshire,EN8 7BX,51.684912,-0.032748
The Moon Under Water Watford (Wetherspoon),44 High Street,,Watford,Hertfordshire,WD17 2BS,51.656475,-0.39783
The Pennsylvanian Rickmansworth (Wetherspoon),115-117 High Street,,Rickmansworth,Hertfordshire,WD3 1AN,51.6388244,-0.4698312000000001
The Port Jackson Bishops Stortford (Wetherspoon),Riverside Wharf,Riverside,Bishop's Stortford,Hertfordshire,CM23 3GN,51.86909379999999,0.1617287
The Six Templars Hertford (Wetherspoon),1 The Wash,,Hertford,Hertfordshire,SG14 1PS,51.79603,-0.07914199999999999
The Standing Order Stevenage (Wetherspoon),33 High Street,,Stevenage,Hertfordshire,SG1 3AU,51.9121034,-0.2080342
The Star Hoddesdon (Wetherspoon),105 High Street,,Hoddesdon,Hertfordshire,EN11 8TN,51.7616172,-0.0118286
The Three Magnets Letchworth (Wetherspoon),18-20 Leys Avenue,,Letchworth Garden City,Hertfordshire,SG6 3EW,51.979248,-0.226942
Waterend Barn St Albans (Wetherspoon),Saint Peter's Street,,St Albans,Hertfordshire,AL1 3LE,51.7525825,-0.33738
Cornfield Garage Eastbourne (Wetherspoon),21-23 Cornfield Road,,Eastbourne,East Sussex,BN21 4QD,50.767602,0.284555
The Bright Helm Brighton (Wetherspoon),20-22A,West Street,Brighton,Brighton and Hove,BN1 2RE,50.82235660000001,-0.1443377
The Cliftonville Inn Hove (Wetherspoon),98-101 George Street,,Hove,Brighton and Hove,BN3 3YE,50.8286111,-0.1741667
The Crowborough Cross Crowborough (Wetherspoon),3 Beacon Road,,Crowborough,East Sussex,TN6 1AF,51.06044670000001,0.1615242
The George Hotel Hailsham (Wetherspoon),1 George Street,,Hailsham,East Sussex,BN27 1AD,50.8620003,0.2595486
The John Logie Baird Hastings (Wetherspoon),29-31 Havelock Road,,Hastings,East Sussex,TN34 1BE,50.85584249999999,0.5797289999999999
The London  County Eastbourne (Wetherspoon),46 Terminus Road,,Eastbourne,East Sussex,BN21 3LX,50.768832,0.281549
The Picture Playhouse Bexhill On Sea (Wetherspoon),38 Western Road,,Bexhill-on-Sea,East Sussex,TN40 1DY,50.8402706,0.4711135999999999
The Post  Telegraph Brighton (Wetherspoon),155-158 North Street,,Brighton,Brighton and Hove,BN1 1EA,50.8230762,-0.1404385
The West Quay Brighton (Wetherspoon),Brighton Marina,Brighton Marina,Brighton,,BN2 5UT,50.8120585,-0.1036667
George Hotel Bewdley (Wetherspoon),Load Street,,Bewdley,Worcestershire,DY12 2AW,52.37577,-2.315428
Golden Cross Hotel Bromsgrove (Wetherspoon),20 High Street,,Bromsgrove,Worcestershire,B61 8HH,52.333918,-2.061787
The Crown Worcester (Wetherspoon),Crown Passage,,Worcester,Worcestershire,WR1 3LL,52.1928944,-2.2224162
The Foley Arms Hotel Great Malvern (Wetherspoon),14 Worcester Road,,Malvern,Worcestershire,WR14 4QS,52.112482,-2.330037
The Old Swanne Inne Evesham (Wetherspoon),66 High Street,,Evesham,Worcestershire,WR11 4HG,52.094398,-1.9464336
The Postal Order Worcester (Wetherspoon),18 Foregate Street,,Worcester,Worcestershire,WR1 1DN,52.1955232,-2.2219433
The Rising Sun Redditch (Wetherspoon),Unit 4 Alcester Street,,Redditch,Worcestershire,B98 8AE,52.305898,-1.938611
The Royal Enfield Redditch (Wetherspoon),Unicorn Hill,,Redditch,Worcestershire,B97 4QR,52.3070171,-1.9432272
Georges Meeting House Exeter (Wetherspoon),38 South Street,,Exeter,Devon,EX1 1ED,50.7205878,-3.5300034
The Admiral Collingwood Ilfracombe (Wetherspoon),Wilder Road,,Ilfracombe,Devon,EX34 9AP,51.210195,-4.119226
The Britannia Inn Plymouth (Wetherspoon),1 Wolseley Road,Milehouse,Plymouth,,PL2 3AA,50.385633,-4.1573
The Chevalier Inn Exeter (Wetherspoon),81 Fore Street,,Exeter,Devon,EX4 3HR,50.722202,-3.5329
The General Sir Redvers Buller Crediton (Wetherspoon),37 High Street,,Crediton,Devon,EX17 3JP,50.7906716,-3.6611002
The Gog and Magog Plymouth (Wetherspoon),57-59 Southside Street,,Plymouth,,PL1 2LA,50.3676173,-4.1373377
The Green Ginger Torquay (Wetherspoon),Fleet Street,,Torquay,Torbay,TQ2 5DZ,50.4622726,-3.5256391
The Imperial Exeter (Wetherspoon),New North Road,,Exeter,Devon,EX4 4AH,50.73022719999999,-3.5396869
The Jolie Brise Teignmouth (Wetherspoon),9-15 Station Road,,Teignmouth,Devon,TQ14 8PE,50.5471344,-3.4945872
The Mannamead Plymouth (Wetherspoon),61-63 Mutley Plain,Mutley,Plymouth,,PL4 6JH,50.3824085,-4.133744800000001
The Panniers Barnstaple (Wetherspoon),33-34 Boutport Street,,Barnstaple,Devon,EX31 1RX,51.08076,-4.05812
The Powder Monkey Exmouth (Wetherspoon),2-2A Parade,,Exmouth,Devon,EX8 1RJ,50.62033,-3.413702
The Queens Head Hotel Tavistock (Wetherspoon),79-80 West Street,,Tavistock,Devon,PL19 8AQ,50.549827,-4.1468159
The Richard Hopkins Newton Abbot (Wetherspoon),34-42 Queen Street,,Newton Abbot,Devon,TQ12 2EH,50.5307121,-3.6078062
The Rose Salterne Bideford (Wetherspoon),9-10 Bridgeland Street,,Bideford,Devon,EX39 2PZ,51.019901,-4.205854
The Sawyers Arms Exeter (Wetherspoon),121 Cowick Street,Saint Thomas,Exeter,Devon,EX4 1JD,50.7154604,-3.5442617
The Stannary Court Plympton (Wetherspoon),95-99 Ridgeway,Plympton,Plymouth,,PL7 2AA,50.3878153,-4.0517364
The Star Inn Honiton (Wetherspoon),33 New Street,,Honiton,Devon,EX14 1BS,50.7984191,-3.1882598
The Talk of the Town Paignton (Wetherspoon),46-52 Torbay Road,,Paignton,Torbay,TQ4 6AL,50.4351006,-3.5615306
The Union Rooms Plymouth (Wetherspoon),19 Union Street,,Plymouth,,PL1 2SU,50.3696981,-4.1480152
The Vigilance Brixham (Wetherspoon),5 Bolton Street,,Brixham,Torbay,TQ5 9DE,50.39372359999999,-3.5159992
The Water Gate Barnstaple (Wetherspoon),The Strand,,Barnstaple,Devon,EX32 8LD,51.0786744,-4.0599052
The White Ball Inn Tiverton (Wetherspoon),Bridge Street,,Tiverton,Devon,EX16 5LY,50.9027778,-3.4908333
The White Hart Hotel Okehampton (Wetherspoon),Fore Street,,Okehampton,Devon,EX20 1HD,50.7388388,-4.0033747
Globe Hotel Kings Lynn (Wetherspoon),Tuesday Market Place,King Street,King's Lynn,Norfolk,PE30 1EZ,52.75577999999999,0.393692
The Bell Hotel Norwich (Wetherspoon),5 Orford Hill,,Norwich,Norfolk,NR1 3QB,52.6272902,1.2953743
The Glass House Norwich (Wetherspoon),11-13 Wensum Street,,Norwich,Norfolk,NR3 1LA,52.63235940000001,1.2978914
The Limes Fakenham (Wetherspoon),30 Bridge Street,,Fakenham,Norfolk,NR21 9AZ,52.8286318,0.8484431
The Queen of Iceni Norwich (Wetherspoon),Wherry Road,,Norwich,Norfolk,NR1 1ED,52.625122,1.3037323
The Red Lion Thetford (Wetherspoon),7 Market Place,,Thetford,Norfolk,IP24 2AL,52.413429,0.750489
The Romany Rye Dereham (Wetherspoon),Church Street,,Dereham,Norfolk,NR19 1DL,52.6810163,0.9393225
The Troll Cart Great Yarmouth (Wetherspoon),7-9 Regent Road,,Great Yarmouth,Norfolk,NR30 2AF,52.6075471,1.7294306
The Whalebone Downham Market (Wetherspoon),58-64 Bridge Street,,Downham Market,Norfolk,PE38 9DJ,52.602859,0.3732247
The Whiffler Norwich (Wetherspoon),Boundary Road,,Norwich,Norfolk,NR6 5JB,52.65435069999999,1.2685945
The William Adams Gorleston on Sea (Wetherspoon),176 High Street,Gorleston-on-Sea,Great Yarmouth,Norfolk,NR31 6RG,52.5804638,1.7282968
Grover  Allen Sudbury (Wetherspoon),68-69 North Street,,Sudbury,Suffolk,CO10 1RF,52.0408333,0.7302778
The Corn Exchange Bury St Edmunds (Wetherspoon),57 Abbeygate Street,,Bury Saint Edmunds,Suffolk,IP33 1LQ,52.2447611,0.7123092
The Cricketers Ipswich (Wetherspoon),The Cricketers,Crown Street,Ipswich,Suffolk,IP1 3JA,52.05964909999999,1.1546402
The Drabbet Smock Haverhill (Wetherspoon),5 Peas Hill,,Haverhill,Suffolk,CB9 8BB,52.0827103,0.437395
The Golden Lion Newmarket (Wetherspoon),44 High Street,,Newmarket,Suffolk,CB8 8LB,52.2448416,0.40733
The Joseph Conrad Lowestoft (Wetherspoon),18-32 Station Square,,Lowestoft,Suffolk,NR32 1BA,52.474293,1.750985
The Kings Head Hotel Beccles (Wetherspoon),6 New Market,,Beccles,Suffolk,NR34 9HA,52.4576339,1.5632883
The Willow Tree Stowmarket (Wetherspoon),101 Ipswich Street,,Stowmarket,Suffolk,IP14 1BB,52.1855206,0.9990927
Hedgeford Lodge Hednesford (Wetherspoon),Anglesey Lodge,Anglesey Street,Hednesford,Cannock,WS12 1DL,52.709197,-2.000375
The Acorn Inn Lichfield (Wetherspoon),12-18 Tamworth Street,,Lichfield,Staffordshire,WS13 6JJ,52.68367,-1.8259607
The Arnold Machin NewcastleunderLyme (Wetherspoon),37 Ironmarket,Newcastle-under-Lyme,Newcastle,Staffordshire,ST5 1PB,53.0120697,-2.2252281
The Bole Bridge Tamworth (Wetherspoon),8 Bolebridge Street,,Tamworth,Staffordshire,B79 7PA,52.6331603,-1.691658
The Bradley Green Biddulph (Wetherspoon),68 High Street,Biddulph,Stoke-on-Trent,Staffordshire,ST8 6AS,53.11571499999999,-2.176331
The Butlers Bell Stafford (Wetherspoon),25-27 Gaolgate Street,,Stafford,Staffordshire,ST16 2NT,52.808706,-2.118298
The Green Dragon Leek (Wetherspoon),2 Saint Edward Street,,Leek,Staffordshire,ST13 5DS,53.10652589999999,-2.0271124
The Linford Arms Cannock (Wetherspoon),79 Market Place,,Cannock,Staffordshire,WS11 1BN,52.6894253,-2.03229
The Lord Burton Burton upon Trent (Wetherspoon),154 High Street,,Burton-on-Trent,Staffordshire,DE14 1JE,52.802992,-1.629501
The Old Swan Uttoxeter (Wetherspoon),Market Place,,Uttoxeter,Staffordshire,ST14 8HN,52.8979416,-1.8632076
The Picture House Stafford (Wetherspoon),Bridge Street,,Stafford,Staffordshire,ST16 2HL,52.8044694,-2.1159344
The Plaza Rugeley (Wetherspoon),Lichfield Street,,Rugeley,Staffordshire,WS15 2EH,52.75750009999999,-1.934784
The Poste of Stone Stone (Wetherspoon),1 Granville Square,,Stone,Staffordshire,ST15 8AB,52.9036255,-2.1487243
The Reginald Mitchell Hanley (Wetherspoon),20 Parliament Row,Hanley,Stoke-on-Trent,,ST1 1PW,53.0254239,-2.1741929
The Wheatsheaf Cheadle (Wetherspoon),53 High Street,Cheadle,Stoke-on-Trent,Staffordshire,ST10 1AR,52.98675919999999,-1.9896597
The Wheatsheaf StokeonTrent (Wetherspoon),84-92 Church Street,,Stoke-on-Trent,,ST4 1BU,53.004083,-2.185285
Hoylake Lights Hoylake (Wetherspoon),52-54 Market Street,Hoylake,Wirral,Merseyside,CH47 3BB,53.392477,-3.177064
The Barkers Brewery Liverpool (Wetherspoon),Archway Road,Liverpool,Huyton,Liverpool,L36 9UJ,53.4133911,-2.8401129
The Brass Balance Birkenhead (Wetherspoon),39-47 Argyle Street,,Birkenhead,Merseyside,CH41 6AB,53.39238599999999,-3.0178895
The Captain Alexander Liverpool (Wetherspoon),15 James Street,,Liverpool,Merseyside,L2 7NX,53.4048214,-2.991349
The Childwall Fiveways Hotel Liverpool (Wetherspoon),179 Queens Drive,,Liverpool,Merseyside,L15 6XS,53.3967891,-2.8965694
The Clairville Wallasey (Wetherspoon),48 Wallasey Road,Liscard,Wallasey,Merseyside,CH45 4NW,53.4197336,-3.0471706
The Dee Hotel West Kirby (Wetherspoon),44 Grange Road,West Kirby,Wirral,Merseyside,CH48 4EF,53.37276079999999,-3.1824701
The Fall Well Liverpool (Wetherspoon),Saint Johns Way,,Liverpool,Merseyside,L1 1LS,53.40691289999999,-2.982326
The Frank Hornby Liverpool (Wetherspoon),38 Eastway,,Liverpool,Merseyside,L31 6BR,53.515283,-2.936737
The Glass House St Helens (Wetherspoon),5 Market St,,Saint Helens,Merseyside,WA10 1NE,53.451334,-2.735861
The John Masefield New Ferry (Wetherspoon),70-72 New Chester Road,New Ferry,Birkenhead,Wirral,CH62 5AD,53.361337,-2.997835
The Lifeboat Formby (Wetherspoon),41 Three Tuns Lane,Formby,Liverpool,Merseyside,L37 4AQ,53.5562733,-3.0597293
The Lime Kiln Liverpool (Wetherspoon),Concert Square,,Liverpool,Merseyside,L1 4NR,53.4035258,-2.9805781
The Master Mariner New Brighton (Wetherspoon),3-5 Union Terrace,Marine Promenade,New Brighton,Wallasey,CH45 2JT,53.4398613,-3.0441669
The Mockbeggar Hall Moreton (Wetherspoon),239-241 Hoylake Road,Moreton,Greasby,Wirral,CH46 0SL,53.4007721,-3.1132331
The Navigator Stoneycroft (Wetherspoon),694 Queens Drive,Old Swan,Liverpool,Merseyside,L13 5UH,53.4151264,-2.9057471
The Nine Arches Newton le Willows (Wetherspoon),3 Legh Street,Earlestown,Newton-le-Willows,Merseyside,WA12 9NE,53.4523646,-2.6439567
The North Western Liverpool (Wetherspoon),7,Lime Street,Liverpool,Merseyside,L1 1RJ,53.4083117,-2.9788536
The Queens Picture House Liverpool (Wetherspoon),47-49 South Road,Waterloo,Liverpool,Merseyside,L22 5PE,53.4743307,-3.0274537
The Raven Liverpool (Wetherspoon),72-74 Walton Vale,,Liverpool,Merseyside,L9 2BU,53.4637438,-2.9586549
The Richard John Blackler Liverpool (Wetherspoon),Units 1 & 2 Charlotte Row,Great Charlotte Street,Liverpool,Merseyside,L1 1HU,53.406077,-2.979932
The Running Horses St Helens (Wetherspoon),Water Street,,Saint Helens,Merseyside,WA10 1PY,53.4511469,-2.740125
The Sir Henry Segrave Southport (Wetherspoon),93-97 Lord Street,,Southport,Merseyside,PR8 1RH,53.645922,-3.0105654
The Thomas Frost Liverpool (Wetherspoon),177-187 Walton Road,,Liverpool,Merseyside,L4 4AJ,53.4360161,-2.9726987
The Watch Maker Prescot (Wetherspoon),60-62 Eccleston Street,,Prescot,Merseyside,L34 5QL,53.4295369,-2.8025785
The Welkin Liverpool (Wetherspoon),7 Whitechapel,,Liverpool,Merseyside,L1 6DS,53.405776,-2.98582
The Wild Rose Bootle (Wetherspoon),Bootle L20 3EX,,Bootle,Merseyside,L20 3EX,53.4529457,-2.9911532
The Willow Grove Southport (Wetherspoon),387-389 Lord Street,,Southport,Merseyside,PR9 0AG,53.6491814,-3.0049247
Jewel of the Severn Bridgnorth (Wetherspoon),80-81 High Street,,Bridgnorth,Shropshire,WV16 4DS,52.5367639,-2.4201944
Montgomerys Tower Shrewsbury (Wetherspoon),Lower Claremont Bank,,Shrewsbury,Shropshire,SY1 1HH,52.70927229999999,-2.7586948
The Hippodrome Market Drayton (Wetherspoon),Queen Street,,Market Drayton,Shropshire,TF9 1PS,52.9061775,-2.4855372
The Shrewsbury Hotel Shrewsbury (Wetherspoon),Bridge Street,,Shrewsbury,Shropshire,SY1 1PU,52.709485,-2.7571258
The Wilfred Owen Oswestry (Wetherspoon),17 Willow Street,,Oswestry,Shropshire,SY11 1AF,52.85954599999999,-3.056445
The William Withering Wellington (Wetherspoon),43-45 New Hall Road,Wellington,Telford,Shropshire,TF1 1LU,52.7005352,-2.5167231
JJ Moons Hornchurch (Wetherspoon),50-54 High Street,,Hornchurch,Greater London,RM12 4UN,51.56285279999999,0.2163333
Moon and Starfish ClactononSea (Wetherspoon),1 Marine Parade East,,Clacton-on-Sea,Essex,CO15 1PU,51.7876444,1.1542722
Rose  Crown Maldon (Wetherspoon),109 High Street,,Maldon,Essex,CM9 5EP,51.73154299999999,0.677701
The Barking Dog Barking (Wetherspoon),61 Station Parade,,Barking,Greater London,IG11 8TU,51.5396983,0.08147299999999999
The Battesford Court Witham (Wetherspoon),100 Newland Street,,Witham,Essex,CM8 1AH,51.79829789999999,0.6376999
The Blue Boar Billericay (Wetherspoon),39 High Street,,Billericay,Essex,CM12 9BA,51.6269444,0.4186111
The Bottle Kiln Harwich (Wetherspoon),60 Kingsway,,Harwich,Essex,CO12 3JR,51.9363864,1.2811068
The Colley Rowe Inn Collier Row (Wetherspoon),54-56 Collier Row Road,Collier Row,Romford,Greater London,RM5 3PA,51.5989131,0.1609389
The Dairyman Brentwood (Wetherspoon),18 High Street,,Brentwood,Essex,CM14 4AB,51.6207925,0.3044419
The Elms LeighonSea (Wetherspoon),1060 London Road,Leigh-on-Sea,Southend-on-Sea,Leigh-on-Sea,SS9 3ND,51.547698,0.6564599999999999
The Eva Hart Chadwell Heath (Wetherspoon),1128 High Road,,Romford,Greater London,RM6 4AH,51.570419,0.13027
The Great Spoon of Ilford Ilford (Wetherspoon),114-116 Cranbrook Road,Cranbrook,Ilford,Greater London,IG1 4LZ,51.5619011,0.0689079
The Ivory Peg Chelmsford (Wetherspoon),3-7 New London Road,,Chelmsford,Essex,CM2 0SW,51.732532,0.473302
The Last Post Loughton (Wetherspoon),227 High Road,,Loughton,Essex,IG10 1BB,51.647324,0.055321
The Moon on the Square Basildon (Wetherspoon),Fodderwick,,Basildon,Essex,SS14 1DQ,51.5693533,0.4561613
The New Fairlop Oak Fairlop (Wetherspoon),Fencepiece Road,Barkingside,Ilford,Greater London,IG6 2JP,51.59412099999999,0.08513799999999999
The Picture Palace Braintree (Wetherspoon),Fairfield Road,,Braintree,Essex,CM7 3HA,51.8771972,0.5537205
The Playhouse Colchester (Wetherspoon),4 Saint John's Street,,Colchester,Essex,CO2 7AA,51.8875689,0.896928
The Roebuck Rayleigh (Wetherspoon),138 High Street,,Rayleigh,Essex,SS6 7BU,51.584894,0.603515
The Temeraire Saffron Walden (Wetherspoon),55 High Street,,Saffron Walden,Essex,CB10 1AA,52.0221968,0.2390466
The William Aylmer Harlow (Wetherspoon),Aylmer House,Kitson Way,Harlow,Essex,CM20 1DG,51.771258,0.0919932
The Windmill After Security Stansted Airport (Wetherspoon),London Stansted Airport,,Stansted,Essex,CM24 1QN,51.8900421,0.2616177
Wetherspoon Express After Security (Wetherspoon),London Stansted Airport,,Stansted,Essex,CM24 1QN,51.8900598,0.2602153
John The Clerk of Cramlington Cramlington (Wetherspoon),Low Main Place,,Cramlington,Northumberland,NE23 1DN,55.086589,-1.585128
The Electrical Wizard Morpeth (Wetherspoon),11 New Market,,Morpeth,Northumberland,NE61 1PS,55.1667672,-1.6908428
The Forum Hexham (Wetherspoon),Market Place,,Hexham,Northumberland,NE46 3PB,54.97186600000001,-2.101042
The Red Lion Bedlington (Wetherspoon),Front Street West,,Bedlington,Northumberland,NE22 5TZ,55.131345,-1.6004769
The Rohan Kanhai Ashington (Wetherspoon),1-4 Woodhorn Road,,Ashington,Northumberland,NE63 9UX,55.1835515,-1.5675324
The Wallaw Blyth (Wetherspoon),14 Union Street,,Blyth,Northumberland,NE24 2DX,55.126572,-1.508041
Lloyds No1 Bar Nottingham (Wetherspoon),1 Carlton Street,,Nottingham,,NG1 1NL,52.953599,-1.14519
The Admiral Sir John Borlase Warren Nottingham (Wetherspoon),97 Derby Road,Stapleford,Nottingham,Nottinghamshire,NG9 7AA,52.9276123,-1.2782255
The Company Inn Nottingham (Wetherspoon),Castle Wharf,Canal Street,Nottingham,,NG1 7EH,52.9480223,-1.1504815
The Free Man Nottingham (Wetherspoon),334-336 Carlton Hill,Carlton,Nottingham,Nottinghamshire,NG4 1JD,52.966067,-1.109232
The Gooseberry Bush Nottingham (Wetherspoon),5 Peel Street,,Nottingham,,NG1 4GL,52.95972219999999,-1.1558333
The Joseph Else Nottingham (Wetherspoon),11-12 South Parade,Market Square,Nottingham,,NG1 2JS,52.9530556,-1.1497222
The Lady Chatterley Nottingham (Wetherspoon),59 Nottingham Road,Eastwood,Nottingham,Nottinghamshire,NG16 3AL,53.01801949999999,-1.3049835
The Roebuck Inn Nottingham (Wetherspoon),9-11 Saint James's Street,,Nottingham,,NG1 6FH,52.953001,-1.152287
The Samuel Hall Nottingham (Wetherspoon),561-569 Mansfield Road,Sherwood,Nottingham,,NG5 2JN,52.9814089,-1.1465789
The Trent Bridge Inn Nottingham (Wetherspoon),2 Radcliffe Road,West Bridgford,Nottingham,Nottinghamshire,NG2 6AA,52.9371774,-1.1343823
The William Peverel Nottingham (Wetherspoon),259 Main Street,Bulwell,Nottingham,,NG6 8EZ,53.0025422,-1.1961943
The Woodthorpe Top Nottingham (Wetherspoon),151 Woodthorpe Drive,Mapperley,Nottingham,Nottinghamshire,NG3 5JL,52.9836631,-1.1232742
Opera House Royal Tunbridge Wells (Wetherspoon),88 Mount Pleasant Road,,Tunbridge Wells,Kent,TN1 1RT,51.1337357,0.2639055
The Belle and Lion Sheerness (Wetherspoon),22-24 High Street,,Sheerness,Kent,ME12 1NL,51.440797,0.760292
The County Hotel Ashford (Wetherspoon),10 High Street,,Ashford,Kent,TN24 8TD,51.149034,0.8751479999999999
The Eight Bells Dover (Wetherspoon),19 Cannon Street,,Dover,Kent,CT16 1BZ,51.125805,1.312592
The Flying Boat Dartford (Wetherspoon),36-42 Spital Street,,Dartford,Kent,DA1 2DT,51.444663,0.214804
The Golden Hope Sittingbourne (Wetherspoon),1 Park Road,,Sittingbourne,Kent,ME10 1DR,51.340422,0.7321639999999999
The Golden Lion Rochester (Wetherspoon),147-151 High Street,,Rochester,Medway,ME1 1EL,51.3865683,0.5068128
The Humphrey Bean Tonbridge (Wetherspoon),94 High Street,,Tonbridge,Kent,TN9 1AP,51.19510649999999,0.2744426
The Leading Light Faversham (Wetherspoon),20-22 Preston Street,,Faversham,Kent,ME13 8NZ,51.313756,0.891083
The Mechanical Elephant Margate (Wetherspoon),28-30 Marine Terrace,,Margate,Kent,CT9 1XJ,51.3867025,1.3778458
The Muggleton Inn Maidstone (Wetherspoon),8-9 High Street,,Maidstone,Kent,ME14 1HJ,51.2737347,0.5223146
The Peter Cushing Whitstable (Wetherspoon),16-18 Oxford Street,,Whitstable,Kent,CT5 1DD,51.35654,1.024231
The Railway Rainham (Wetherspoon),113,Station Road,Rainham,Gillingham,ME8 7SF,51.3658042,0.6117983
The Robert Pocock Gravesend (Wetherspoon),181-183 Windmill Street,,Gravesend,Kent,DA12 1AH,51.44233000000001,0.369227
The Royal Victoria Pavilion Ramsgate (Wetherspoon),Harbour Parade,,Ramsgate,Kent,CT11 8LS,51.3318333,1.4236491
The Samuel Peto Folkestone (Wetherspoon),23 Rendezvous Street,,Folkestone,Kent,CT20 1EY,51.0805407,1.1812551
The Saxon Shore Herne Bay (Wetherspoon),78-80,Central Parade,Herne Bay,Kent,CT6 5JQ,51.3727449,1.1262748
The Sennockian Sevenoaks (Wetherspoon),139-141 High Street,,Sevenoaks,Kent,TN13 1UX,51.272538,0.192559
The Sir Norman Wisdom Deal (Wetherspoon),18-20 Queen Street,,Deal,Kent,CT14 6ET,51.2230809,1.4016391
The Society Rooms Maidstone (Wetherspoon),Brenchley House,Week Street,Maidstone,Kent,ME14 1RF,51.2775917,0.5216514999999999
The Thomas Ingoldsby Canterbury (Wetherspoon),5-9 Burgate,,Canterbury,Kent,CT1 2HG,51.27834319999999,1.0843262
The Thomas Waghorn Chatham (Wetherspoon),14 Railway Street,,Chatham,Medway,ME4 4JL,51.3826338,0.5231056
The West Gate Inn Canterbury (Wetherspoon),1-3 North Lane,,Canterbury,Kent,CT2 7EB,51.2820713,1.0755981
Parsons Barn Shoeburyness (Wetherspoon),Frobisher Way,,Southend-on-Sea,Shoeburyness,SS3 8UT,51.5407257,0.7822231000000001
The Last Post Southend on Sea (Wetherspoon),Weston Road,,Southend-on-Sea,,SS1 1AS,51.5364903,0.7130034
The Crown Hotel (Wetherspoon),23 High Street,,Biggleswade,Central Bedfordshire,SG18 0JE,52.0869557,-0.2649027
The Gary Cooper Dunstable (Wetherspoon),2 Grove park,Court Drive,Dunstable,Central Bedfordshire,LU5 4GP,51.88972219999999,-0.5211110999999999
The Pilgrims Progress Bedford (Wetherspoon),42 Midland Road,,Bedford,,MK40 1QB,52.136021,-0.471718
The Swan Hotel Leighton Buzzard (Wetherspoon),50 High Street,,Leighton Buzzard,Central Bedfordshire,LU7 1EA,51.9162203,-0.6618117
The White House Luton (Wetherspoon),1 Bridge Street,,Luton,,LU1 1SA,51.88126750000001,-0.417682
Ritz Lincoln (Wetherspoon),143-147 High Street,,Lincoln,Lincolnshire,LN5 7PJ,53.2243493,-0.5433049
The Coliseum Picture Theatre Cleethorpes (Wetherspoon),26-28 High Street,,Cleethorpes,North East Lincolnshire,DN35 8JN,53.560907,-0.0312285
The Ivy Wall Spalding (Wetherspoon),18-19 New Road,,Spalding,Lincolnshire,PE11 1DQ,52.7886111,-0.1513889
The Joseph Morton Louth (Wetherspoon),Kidgate,,Louth,Lincolnshire,LN11 9EZ,53.3653275,-0.0052058
The Moon Under Water Boston (Wetherspoon),6 High Street,,Boston,Lincolnshire,PE21 8SH,52.9767934,-0.0243116
The Packhorse Inn Sleaford (Wetherspoon),7 North Gate,,Sleaford,Lincolnshire,NG34 7BH,52.9997826,-0.4107632
The Red Lion Skegness (Wetherspoon),2-4 Roman Bank,,Skegness,Lincolnshire,PE25 2RU,53.1439076,0.3363734
The Square Sail Lincoln (Wetherspoon),Brayford Wharf North,,Lincoln,Lincolnshire,LN1 1YW,53.2288048,-0.5439902
The Stamford Post Stamford (Wetherspoon),7 Sheep Market,,Stamford,Lincolnshire,PE9 2QZ,52.6511067,-0.4807702
The Sweyn Forkbeard Gainsborough (Wetherspoon),24-26 Silver Street,,Gainsborough,Lincolnshire,DN21 2DP,53.3985901,-0.7770701
The Tollemache Inn Grantham (Wetherspoon),17 Saint Peter's Hill,,Grantham,Lincolnshire,NG31 6PY,52.9098336,-0.6397261
The Yarborough Hotel Grimsby (Wetherspoon),29 Bethlehem Street,,Grimsby,North East Lincolnshire,DN31 1JN,53.563935,-0.08731599999999999
Rupert Brooke Rugby (Wetherspoon),8-10 Castle Street,,Rugby,Warwickshire,CV21 2TP,52.3729094,-1.2592701
The Bear and Ragged Staff Bedworth (Wetherspoon),50 King Street,,Bedworth,Warwickshire,CV12 8JA,52.479702,-1.4710495
The Benjamin Satchwell Royal Leamington Spa (Wetherspoon),112-114 The Parade,,Leamington Spa,Warwickshire,CV32 4AQ,52.289715,-1.535741
The Felix Holt Nuneaton (Wetherspoon),3 Stratford Street,,Nuneaton,Warwickshire,CV11 5BS,52.5230375,-1.4692368
The Golden Bee StratforduponAvon (Wetherspoon),41-42 Sheep Street,,Stratford-upon-Avon,Warwickshire,CV37 6EE,52.19166569999999,-1.7056511
The Thomas Lloyd Warwick (Wetherspoon),3-7 Market Place,,Warwick,Warwickshire,CV34 4SA,52.2822443,-1.5902308
S Fowler  Co Ryde (Wetherspoon),41-43 Union Street,,Ryde,Isle of Wight,PO33 2LF,50.730365,-1.162669
The Man in the Moon Newport (Wetherspoon),16-17 Saint James' Street,,Newport,Isle of Wight,PO30 5HB,50.700225,-1.2957221
Sandford House Huntingdon (Wetherspoon),George Street,,Huntingdon,Cambridgeshire,PE29 3BD,52.3305054,-0.1869667
The College Arms Peterborough (Wetherspoon),40 The Broadway,,Peterborough,,PE1 1RS,52.5753008,-0.2416706
The Drapers Arms Peterborough (Wetherspoon),29-31 Cowgate,,Peterborough,,PE1 1LZ,52.573009,-0.2463904
The George Hotel Whittlesey (Wetherspoon),10 Market Street,Whittlesey,Peterborough,Cambridgeshire,PE7 1AB,52.55646729999999,-0.1276339
The Hippodrome March (Wetherspoon),Dartford Road,,March,Cambridgeshire,PE15 8AQ,52.5515,0.08733199999999999
The Regal Cambridge (Wetherspoon),38-39 Saint Andrew's Street,,Cambridge,Cambridgeshire,CB2 3AR,52.2029364,0.1237957
The Swan and Angel St Ives (Wetherspoon),9 Market Hill,,Saint Ives,Cambridgeshire,PE27 5AL,52.3230902,-0.07283270000000001
The Weeping Ash St Neots (Wetherspoon),15 New Street,,Saint Neots,Cambridgeshire,PE19 1AE,52.22873,-0.269142
The Wheatsheaf Inn Wisbech (Wetherspoon),18-22 Church Terrace,,Wisbech,Cambridgeshire,PE13 1BL,52.663234,0.162965
Sheffield Water Works Company Sheffield (Wetherspoon),2-12 Division Street,Sheffield City Centre,Sheffield,South Yorkshire,S1 4GF,53.3803182,-1.4730381
The Bankers Draft Sheffield (Wetherspoon),1-3 Market Place,Sheffield City Centre,Sheffield,South Yorkshire,S1 2GH,53.3832136,-1.4664267
The Benjamin Huntsman Sheffield (Wetherspoon),12-18 Cambridge Street,Sheffield City Centre,Sheffield,South Yorkshire,S1 4HP,53.3799201,-1.4724054
The Bluecoat Rotherham (Wetherspoon),The Crofts,,Rotherham,South Yorkshire,S60 2DJ,53.42880650000001,-1.3548666
The Church House WathuponDearne (Wetherspoon),Montgomery Square,Wath upon Dearne,Rotherham,South Yorkshire,S63 7RZ,53.5021723,-1.34542
The Francis Newton Sheffield (Wetherspoon),Clarkehouse Rd,,Sheffield,Broomhall,S10 2LA,53.37679800000001,-1.4921318
The Gate House Doncaster (Wetherspoon),Priory Walk,High Street,Doncaster,South Yorkshire,DN1 1TS,53.5226269,-1.1339455
The Horseshoe Wombwell (Wetherspoon),30 High Street,Wombwell,Barnsley,South Yorkshire,S73 0AA,53.5226582,-1.3984376
The Joseph Bramah Barnsley (Wetherspoon),15 Market Hill,,Barnsley,South Yorkshire,S70 2PX,53.5528875,-1.4816911
The Old Market Hall Mexborough (Wetherspoon),Market Street,,Mexborough,South Yorkshire,S64 9QA,53.4928098,-1.2874296
The Queens Hotel Rotherham (Wetherspoon),Tickhill Road,Maltby,Rotherham,South Yorkshire,S66 7NQ,53.4232604,-1.1966423
The Rawson Spring Sheffield (Wetherspoon),501 Langsett Road,Hillsborough,Sheffield,South Yorkshire,S6 2LN,53.4019241,-1.500332
The Red Lion Doncaster (Wetherspoon),Red Lion Hotel,Market Place,Doncaster,South Yorkshire,DN1 1NH,53.5238356,-1.1323224
The Running Horse After Security (Wetherspoon),4 First Avenue,Finningley,Doncaster,South Yorkshire,DN9 3RH,53.48042900000001,-1.010817
The Sheaf Island Sheffield (Wetherspoon),Ecclesall Road,,Sheffield,South Yorkshire,S11 8HG,53.3726191,-1.482138
The Silkstone Inn Barnsley (Wetherspoon),64 Market Street,,Barnsley,South Yorkshire,S70 1SN,53.551168,-1.480524
The Steel Foundry Sheffield (Wetherspoon),Unit 12 Meadowhall Way,Meadowhall,Sheffield,South Yorkshire,S9 1EP,53.4142391,-1.4137767
The Wagon  Horses Sheffield (Wetherspoon),2 Market Place,Chapeltown,Sheffield,South Yorkshire,S35 2UU,53.4616992,-1.4655422
The Woodseats Palace Sheffield (Wetherspoon),692 Chesterfield Road,Woodseats,Sheffield,South Yorkshire,S8 0SD,53.344123,-1.478359
Spa Lane Vaults Chesterfield (Wetherspoon),34 Saint Mary's Gate,,Chesterfield,Derbyshire,S41 7TH,53.235225,-1.424153
The Babington Arms Derby (Wetherspoon),11-13 Babington Lane,,Derby,,DE1 1TA,52.9190736,-1.476412
The Crown Matlock (Wetherspoon),Unnamed Road,,Matlock,Derbyshire,DE4 3AT,53.1388548,-1.5561265
The Observatory Ilkeston (Wetherspoon),14A Market Place,,Ilkeston,Derbyshire,DE7 5QA,52.9715364,-1.308131
The Pillar of Rock Chesterfield (Wetherspoon),15 Castle Street,Bolsover,Chesterfield,Derbyshire,S44 6PP,53.2298974,-1.2938364
The Portland Hotel Chesterfield (Wetherspoon),West Bars,,Chesterfield,Derbyshire,S40 1AY,53.23519599999999,-1.431165
The Red Lion Ripley (Wetherspoon),Cromford Road,,Ripley,Derbyshire,DE5 3BS,53.0507885,-1.4074539
The Sir Nigel Gresley Swadlincote (Wetherspoon),Market Street,,Swadlincote,Derbyshire,DE11 0AD,52.7738889,-1.5577778
The Smithy Fold Glossop (Wetherspoon),Victoria Street,,Glossop,Derbyshire,SK13 8HS,53.4425755,-1.9487549
The Standing Order Derby (Wetherspoon),28-32,Iron Gate,Derby,,DE1 3GL,52.924031,-1.477691
The Thomas Leaper Derby (Wetherspoon),27 Iron Gate,,Derby,,DE1 3GL,52.9241769,-1.4777337
The Wye Bridge House Buxton (Wetherspoon),Fairfield Road,,Buxton,Derbyshire,SK17 7DJ,53.2594909,-1.9053231
Waggon and Horses Alfreton (Wetherspoon),9 King Street,,Alfreton,Derbyshire,DE55 7AF,53.0971432,-1.3902605
St Georges Hall Bristol (Wetherspoon),203,Church Road,Redfield,Bristol,BS5 9HL,51.4594483,-2.5545354
The Berkeley Bristol (Wetherspoon),15-19 Queens Road,,Bristol,Bristol City,BS8 1QE,51.4558191,-2.6052805
The Commercial Rooms Bristol (Wetherspoon),43-45 Corn Street,,Bristol,Bristol City,BS1 1HT,51.45450229999999,-2.5945099
The Jolly Sailor Bristol (Wetherspoon),The Jolly Sailor,High Street,Hanham,Bristol,BS15 3DQ,51.4492396,-2.51702
The Kingswood Colliers Bristol (Wetherspoon),94-96 Regent Street,Kingswood,Bristol,South Gloucestershire,BS15 8HP,51.4623086,-2.5070422
The Knights Templar Bristol (Wetherspoon),1 The Square,Redcliffe,Bristol,Bristol City,BS1 6DG,51.4507743,-2.5822723
The Robert Fitzharding Bristol (Wetherspoon),24 Cannon Street,Bedminster,Bristol,Bristol City,BS3 1BN,51.441129,-2.600943
The Staple Hill Oak Bristol (Wetherspoon),84-86 High Street,,Bristol,South Gloucestershire,BS16 5HN,51.4810835,-2.5092773
The Van Dyck Forum Bristol (Wetherspoon),748-756 Fishponds Road,,Bristol,Bristol City,BS16 3UA,51.479661,-2.530289
The W G Grace Bristol (Wetherspoon),71-73 Whiteladies Road,Redland,Bristol,Bristol City,BS8 2NT,51.4628609,-2.608727
VShed Bristol (Wetherspoon),Canon's Road,,Bristol,Bristol City,BS1 5UH,51.4497972,-2.5988
The Admiral Sir Lucius Curtis Southampton (Wetherspoon),Canute's Pavilion,,Southampton,,SO14 3JS,50.8968648,-1.3937682
The Angel Basingstoke (Wetherspoon),Potters Walk,,Basingstoke,Hampshire,RG21 7BB,51.2655397,-1.0839541
The Bright Water Inn Shirley (Wetherspoon),Bright Water Inn,Shirley Road,Shirley,Southampton,SO15 3HY,50.9197769,-1.4305432
The Crown Inn Fareham (Wetherspoon),40 West Street,,Fareham,Hampshire,PO16 0JW,50.8522614,-1.1768303
The Denmead Queen Waterlooville (Wetherspoon),121-123,London Road,Waterlooville,Hampshire,PO7 7EB,50.8809166,-1.0309738
The First Post Cosham (Wetherspoon),42 High Street,Cosham,Portsmouth,,PO6 3AG,50.8448799,-1.0671927
The Giddy Bridge Southampton (Wetherspoon),10-16,London Road,Southampton,,SO15 2AF,50.9109987,-1.4043924
The Isambard Kingdom Brunel Portsmouth (Wetherspoon),2 Guildhall Walk,,Portsmouth,,PO1 2DD,50.797006,-1.092662
The Ivy House Alton (Wetherspoon),Draymans Way,,Alton,Hampshire,GU34 1SS,51.1464344,-0.977803
The John Jacques Portsmouth (Wetherspoon),cooperate Hall,Fratton Road,Fratton,Portsmouth,PO1 5BZ,50.7982597,-1.0767258
The John Russell Fox Andover (Wetherspoon),10 High Street,,Andover,Hampshire,SP10 1NY,51.206874,-1.478963
The Lord Arthur Lee Fareham (Wetherspoon),100108 West Street,,Fareham,Hampshire,PO16 0EP,50.8524626,-1.1813927
The Lord Palmerston Southsea (Wetherspoon),84-90 Palmerston Road,Southsea,Portsmouth,Southsea,PO5 3PT,50.784198,-1.088961
The Maidenhead Inn Basingstoke (Wetherspoon),17 Winchester Street,,Basingstoke,Hampshire,RG21 7ED,51.262272,-1.087883
The Old Gaolhouse Winchester (Wetherspoon),11a Jewry Street,,Winchester,Hampshire,SO23 8RZ,51.06382,-1.316288
The Parchment Makers Havant (Wetherspoon),1 Park Road South,,Havant,Hampshire,PO9 1HE,50.85223999999999,-0.9845379999999998
The Prince Arthur Fleet (Wetherspoon),238 Fleet Road,,Fleet,Hampshire,GU51 4BX,51.2788556,-0.8450333
The Queen Hotel Aldershot (Wetherspoon),1 High Street,,Aldershot,Hampshire,GU11 1BH,51.249835,-0.7676379999999999
The Red Lion Petersfield (Wetherspoon),3,College Street,Petersfield,Hampshire,GU31 4AE,51.00381369999999,-0.9341387
The Red Lion Southampton (Wetherspoon),55 High Street,,Southampton,,SO14 2NS,50.8989716,-1.4037089
The Sir Alec Rose Portsmouth (Wetherspoon),33A The Boardwalk,,Portsmouth,,PO6 4TP,50.8408948,-1.0977245
The Sir John Baker Portsmouth (Wetherspoon),80 London Road,North End,Portsmouth,,PO2 0LN,50.81545,-1.079544
The Six Bells Lymington (Wetherspoon),47-48 Saint Thomas Street,,Lymington,Hampshire,SO41 9ND,50.75749099999999,-1.545543
The Standing Order Southampton (Wetherspoon),30 High Street,,Southampton,,SO14 2DF,50.90052739999999,-1.4037201
The Star Gosport (Wetherspoon),28-29 High Street,,Gosport,Hampshire,PO12 1DF,50.79546449999999,-1.1221467
The Tilly Shilling Farnborough (Wetherspoon),Victoria Road,,Farnborough,Hampshire,GU14 7PG,51.29343799999999,-0.756707
The Wagon Works Eastleigh (Wetherspoon),28 Southampton Road,,Eastleigh,Hampshire,SO50 9FJ,50.9694143,-1.3506547
The Albany Palace Trowbridge (Wetherspoon),1 Park Road,,Trowbridge,Wiltshire,BA14 8AQ,51.31997860000001,-2.2063578
The Bath Arms Warminster (Wetherspoon),41 Market Place,,Warminster,Wiltshire,BA12 9AZ,51.204758,-2.180071
The Bear Melksham (Wetherspoon),3,Bath Road,Melksham,Wiltshire,SN12 6LL,51.3748744,-2.1386932
The Bell Amesbury (Wetherspoon),13-15 Salisbury Street,Amesbury,Salisbury,Wiltshire,SP4 7AW,51.172119,-1.7809653
The Bridge House Chippenham (Wetherspoon),Borough Parade,,Chippenham,Wiltshire,SN15 3WL,51.4584129,-2.1178069
The Dockle Farmhouse Swindon (Wetherspoon),2 Bridge End Road,,Swindon,,SN3 4PD,51.5748054,-1.7545261
The Kings Head Inn Salisbury (Wetherspoon),1 Bridge Street,,Salisbury,Wiltshire,SP1 2ND,51.06854629999999,-1.7979972
The Savoy Swindon (Wetherspoon),38-40 Regent Street,,Swindon,,SN1 1JL,51.5596122,-1.7823412
The Silk Mercer Devizes (Wetherspoon),St.John's Street,,Devizes,Wiltshire,SN10 1BL,51.35175599999999,-1.995355
The Sir Daniel Arms Swindon (Wetherspoon),Fleet Street,,Swindon,,SN1 1RQ,51.5623131,-1.7877279
The Albert and The Lion Blackpool (Wetherspoon),Bank Hey Street,,Blackpool,,FY1 4RU,53.81527329999999,-3.0555346
The Ash Tree AshtonunderLyne (Wetherspoon),9-11 Wellington Road,,Ashton-under-Lyne,Greater Manchester,OL6 6DA,53.489888,-2.092356
The Boot Inn Burnley (Wetherspoon),18 Saint James's Street,,Burnley,Lancashire,BB11 1NG,53.7888889,-2.2408333
The Commercial Hotel Accrington (Wetherspoon),1 Church Street,,Accrington,Lancashire,BB5 2EN,53.7526741,-2.3640124
The Court Leet Ormskirk (Wetherspoon),4 Wheatsheaf Walk,,Ormskirk,Lancashire,L39 2XA,53.5680491,-2.8849874
The Eric Bartholomew Morecambe (Wetherspoon),10-18 Euston Road,,Morecambe,Lancashire,LA4 5DD,54.072162,-2.8668906
The Grey Friar Preston (Wetherspoon),144 Friargate,,Preston,Lancashire,PR1 2EJ,53.7603853,-2.7027669
The Jolly Tars Cleveleys (Wetherspoon),154-158 Victoria Road West,Blackpool,Thornton-Cleveleys,Lancashire,FY5 3NE,53.8763732,-3.0377113
The Layton Rakes Blackpool (Wetherspoon),17-25 Market Street,,Blackpool,,FY1 1ET,53.818256,-3.055122
The Leyland Lion Leyland (Wetherspoon),60 Hough Lane,,Leyland,Lancashire,PR25 2SA,53.6954854,-2.6927218
The Old Chapel Darwen (Wetherspoon),Railway Road,,Darwen,Blackburn with Darwen,BB3 2RJ,53.6960068,-2.465374
The Postal Order Blackburn (Wetherspoon),15-19 Darwen Street,,Blackburn,Blackburn with Darwen,BB2 2BY,53.746712,-2.482473
The Poulton Elk PoultonleFylde (Wetherspoon),22 Hardhorn Road,,Poulton-le-Fylde,Lancashire,FY6 7SR,53.84536199999999,-2.992392
The Railway Hotel Lytham St Annes (Wetherspoon),Station Road,Lytham St Annes,Lytham Saint Annes,Lancashire,FY8 5DH,53.738048,-2.956792
The Regal Moon Rochdale (Wetherspoon),The Butts Avenue,,Rochdale,Greater Manchester,OL16 1HB,53.617329,-2.156777
The Sir Henry Tate Chorley (Wetherspoon),New Market Street,,Chorley,Lancashire,PR7 1DB,53.653941,-2.630654
The Sir Richard Owen Lancaster (Wetherspoon),4 Spring Garden Street,,Lancaster,Lancashire,LA1 1RQ,54.046889,-2.80032
The Sir Thomas Gerard AshtoninMakerfield (Wetherspoon),2 Gerard Street,Ashton-in-Makerfield,Wigan,Greater Manchester,WN4 9AN,53.4875871,-2.6368565
The Thomas Burke Leigh (Wetherspoon),20a Leigh Road,,Leigh,Greater Manchester,WN7 1QR,53.4993725,-2.5184615
The Thomas Drummond Fleetwood (Wetherspoon),London Street,,Fleetwood,Lancashire,FY7 6JE,53.921906,-3.011607
The Trawl Boat Inn Lytham St Annes (Wetherspoon),36-38 Wood Street,,Lytham Saint Annes,Lancashire,FY8 1QR,53.750937,-3.029976
The Twelve Tellers Preston (Wetherspoon),15 Church Street,,Preston,Lancashire,PR1 3BQ,53.7588196,-2.6968789
The Velvet Coaster Blackpool (Wetherspoon),501-507 Promenade,,Blackpool,,FY4 1BA,53.7948415,-3.0559993
The Wallace Hartley Colne (Wetherspoon),35-37 Church Street,,Colne,Lancashire,BB8 0EB,53.856709,-2.170443
The Amber Rooms Loughborough (Wetherspoon),15 The Rushes,,Loughborough,Leicestershire,LE11 5BE,52.77373,-1.209355
The Corn Exchange Leicester (Wetherspoon),1 Corn Exchange,,Leicester,,LE1 5GG,52.63451,-1.133293
The High Cross Leicester (Wetherspoon),103-105 High Street,,Leicester,,LE1 4JB,52.6353769,-1.1384965
The Kettleby Cross Melton Mowbray (Wetherspoon),Wilton Road,,Melton Mowbray,Leicestershire,LE13 0UJ,52.76571000000001,-0.889285
The Lord Keeper of the Great Seal Oadby (Wetherspoon),96-100 The Parade,Oadby,Leicester,Leicestershire,LE2 5BF,52.600848,-1.08408
The Monkey Walk Coalville (Wetherspoon),1 Marlborough Square,,Coalville,Leicestershire,LE67 3WD,52.7235483,-1.3743486
The Moon  Bell Loughborough (Wetherspoon),6 Ward's End,,Loughborough,Leicestershire,LE11 3HA,52.7692204,-1.2076942
The Shoulder of Mutton AshbydelaZouch (Wetherspoon),2 Market Street,,Ashby-de-la-Zouch,Leicestershire,LE65 1AF,52.746712,-1.473575
The Sugar Loaf Market Harborough (Wetherspoon),18 High Street,,Market Harborough,Leicestershire,LE16 7NJ,52.4789813,-0.9224323000000001
The White House Leicester (Wetherspoon),375 Scraptoft Lane,,Leicester,Leicestershire,LE7 9SE,52.642978,-1.046835
The William Wygston Wigston (Wetherspoon),84 Leicester Road,,Wigston,Leicestershire,LE18 1DR,52.5877189,-1.105639
The Angel Hotel Whitby (Wetherspoon),1 New Quay Road,,Whitby,North Yorkshire,YO21 1DH,54.48601499999999,-0.6137779999999999
The Crown Inn Knaresborough (Wetherspoon),71-75 High Street,,Knaresborough,North Yorkshire,HG5 0HB,54.00917459999999,-1.4685886
The Devonshire Skipton (Wetherspoon),22 Newmarket Street,,Skipton,North Yorkshire,BD23 2HR,53.9602765,-2.0155862
The Giant Bellflower Selby (Wetherspoon),47a Gowthorpe,,Selby,North Yorkshire,YO8 4HF,53.7835975,-1.0721041
The Ironstone Miner Guisborough (Wetherspoon),88 Westgate,,Guisborough,Redcar and Cleveland,TS14 6AP,54.5347653,-1.0563539
The Lord Rosebery Scarborough (Wetherspoon),85-87 Westborough,,Scarborough,North Yorkshire,YO11 1JW,54.28099169999999,-0.4043306
The Plimsoll Line Redcar (Wetherspoon),138 High Street East,High Street,Redcar,Redcar and Cleveland,TS10 3DH,54.6172619,-1.0604197
The Postern Gate York (Wetherspoon),90 Piccadilly,,York,,YO1 9NX,53.9547278,-1.0770389
The Punch Bowl York (Wetherspoon),5-9 Blossom Street,,York,,YO24 1AU,53.95562,-1.091004
The Ralph Fitz Randal Richmond (Wetherspoon),6 Queens Road,,Richmond,North Yorkshire,DL10 4AE,54.404675,-1.736716
The Resolution Middlesbrough (Wetherspoon),19 Newport Crescent,,Middlesbrough,,TS1 5UA,54.57596299999999,-1.238042
The Swatters Carr Middlesbrough (Wetherspoon),228 Linthorpe Road,,Middlesbrough,,TS1 3QW,54.5698427,-1.2385327
The Three Tuns Thirsk (Wetherspoon),54 Market Place,,Thirsk,North Yorkshire,YO7 1LH,54.23258300000001,-1.341393
The Unicorn Hotel Ripon (Wetherspoon),Market Place East,,Ripon,North Yorkshire,HG4 1BP,54.136018,-1.523206
The Winter Gardens Harrogate (Wetherspoon),Unit 4 Royal Baths,Parliament Street,Harrogate,North Yorkshire,HG1 2RR,53.99423170000001,-1.5438126
The Art Picture House Bury (Wetherspoon),20-36 Haymarket Street,,Bury,Greater Manchester,BL9 0AY,53.5913889,-2.2983333
The Bishop Blaize Stretford (Wetherspoon),708 Chester Road,Old Trafford,Stretford,Manchester,M32 0SF,53.4612832,-2.2890319
The Brocket Arms Wigan (Wetherspoon),38 Mesnes Road,,Wigan,Greater Manchester,WN1 2DD,53.55693429999999,-2.6344165
The Bulls Head Hotel Manchester (Wetherspoon),12,High Street,Walkden,Manchester,M28 3NJ,53.5240974,-2.3996117
The Gateway East Didsbury (Wetherspoon),882 Wilmslow Road,East Didsbury,Manchester,Greater Manchester,M20 5PG,53.40802,-2.220419
The Moon Under Water Wigan (Wetherspoon),7a Market Place,,Wigan,Greater Manchester,WN1 1PE,53.545905,-2.631714
The Robert Shaw Westhoughton (Wetherspoon),34-40 Market Street,Westhoughton,Bolton,Greater Manchester,BL5 3AN,53.5488205,-2.522407
The Shay Wake Oldham (Wetherspoon),2-10 Milnrow Road,Shaw,Oldham,Greater Manchester,OL2 8EQ,53.577836,-2.093059
The Spinning Mule Bolton (Wetherspoon),Nelson Square,,Bolton,Greater Manchester,BL1 1JT,53.5774874,-2.4268195
The Assembly Rooms Epsom (Wetherspoon),147-153 High Street,,Epsom,Surrey,KT19 8EH,51.3327408,-0.2700258
The Claude du Vall Camberley (Wetherspoon),77-81 High Street,,Camberley,Surrey,GU15 3RB,51.33722220000001,-0.7436111000000001
The Edmund Tylney Leatherhead (Wetherspoon),30-34 High Street,,Leatherhead,Surrey,KT22 8AW,51.295354,-0.327456
The George Staines (Wetherspoon),2-8 High Street,,Staines,Surrey,TW18 4EE,51.4336889,-0.5132917
The Herbert Wells Woking (Wetherspoon),51-57 Chertsey Road,,Woking,Surrey,GU21 5AJ,51.32051939999999,-0.5554
The Jack Fairman Horley (Wetherspoon),30 Victoria Road,,Horley,Surrey,RH6 7PZ,51.1704483,-0.1617506
The Jack Phillips Godalming (Wetherspoon),48-56 High Street,,Godalming,Surrey,GU7 1DY,51.18589060000001,-0.6122807
The Oxted Inn Oxted (Wetherspoon),4 Hoskins Walk,Station Road West,Oxted,Surrey,RH8 9HR,51.2575012,-0.004555399999999999
The Rodboro Buildings Guildford (Wetherspoon),1-10 Bridge Street,,Guildford,Surrey,GU1 4RY,51.2367831,-0.5773997
The Sun Redhill (Wetherspoon),17-21 London Road,,Redhill,Surrey,RH1 1LY,51.2414274,-0.1682623
The Back of Beyond Reading (Wetherspoon),104-106 King's Road,,Reading,,RG1 3BY,51.4548222,-0.9633806
The Bear Maidenhead (Wetherspoon),8-10 High Street,,Maidenhead,Windsor and Maidenhead,SL6 1QJ,51.523126,-0.7177868
The Hatchet Inn Newbury (Wetherspoon),12 Market Place,,Newbury,West Berkshire,RG14 5BD,51.4008446,-1.3229035
The Hope Tap Reading (Wetherspoon),99-105 Friar Street,,Reading,,RG1 1EP,51.4565048,-0.9753882
The King and Castle Windsor (Wetherspoon),16-17 Thames Street,,Windsor,Windsor and Maidenhead,SL4 1PL,51.4836439,-0.6086968
The Moon and Spoon Slough (Wetherspoon),86-88 High Street,,Slough,,SL1 1EL,51.5095253,-0.5958456
The Old Manor Bracknell (Wetherspoon),Grenville Place,,Bracknell,Bracknell Forest,RG12 1BP,51.41649659999999,-0.7455954
The Windlesora Windsor (Wetherspoon),17 William Street,,Windsor,Windsor and Maidenhead,SL4 1BB,51.480402,-0.6105309999999999
The Bank House Cheltenham (Wetherspoon),15-21 Clarence Street,,Cheltenham,Gloucestershire,GL50 3JL,51.9008789,-2.0759828
The Lord High Constable of England Gloucester (Wetherspoon),Llanthony Warehouse,The Docks,Gloucester,Gloucestershire,GL1 2EH,51.8615655,-2.2526717
The Lord John Stroud (Wetherspoon),17 Russell Street,,Stroud,Gloucestershire,GL5 3AA,51.7447654,-2.2181315
The Moon Under Water Cheltenham (Wetherspoon),16-28 Bath Road,,Cheltenham,Gloucestershire,GL53 7HA,51.897521,-2.072483
The Regal Gloucester (Wetherspoon),33 Saint Aldate Street,,Gloucester,Gloucestershire,GL1 1RP,51.8659058,-2.2425268
The Royal Hop Pole Tewkesbury (Wetherspoon),94 Church Street,,Tewkesbury,Gloucestershire,GL20 5RS,51.9920047,-2.1585634
The Beehive Before Security South Terminal (Wetherspoon),Gatwick Airport,Perimeter Road East,Horley,Gatwick,RH6 0NQ,51.1571063,-0.1624078
The Dolphin  Anchor Chichester (Wetherspoon),9 West Street,,Chichester,West Sussex,PO19 1QD,50.8369017,-0.7799832999999999
The Flying Horse After Security South Terminal (Wetherspoon),Gatwick Airport,South Terminal,Crawley,Gatwick,RH6 0NN,51.1558527,-0.1625395
The George Inn Littlehampton (Wetherspoon),14-18 Surrey Street,,Littlehampton,West Sussex,BN17 5BG,50.8091539,-0.5437267
The Hatters Inn Bognor Regis (Wetherspoon),2-10 Queensway,,Bognor Regis,West Sussex,PO21 1QT,50.7832609,-0.6756833
The Jubilee Oak Crawley (Wetherspoon),6,High Street,Crawley,West Sussex,RH10 1BA,51.1154,-0.1904
The Lynd Cross Horsham (Wetherspoon),1,Springfield Road,Horsham,West Sussex,RH12 2PG,51.063711,-0.3322124
The Ounce  Ivy Bush East Grinstead (Wetherspoon),Little King Street,,East Grinstead,West Sussex,RH19 3DJ,51.1264343,-0.008504900000000001
The Red Lion After Security North Terminal (Wetherspoon),Gatwick Airport,North Terminal,Crawley,Gatwick,RH6 0PJ,51.161299,-0.179121
The Six Gold Martlets Burgess Hill (Wetherspoon),49-51 Church Walk,,Burgess Hill,West Sussex,RH15 9BQ,50.95563809999999,-0.1312576
The Three Fishes Worthing (Wetherspoon),56 Chapel Road,,Worthing,West Sussex,BN11 1BE,50.8133212,-0.3706545
The Bishops Mill Durham (Wetherspoon),1 Walkergate,,Durham,County Durham,DH1 1WA,54.7782534,-1.5757207
The Company Row Consett (Wetherspoon),The Victoria Centre,Victoria Road,Consett,County Durham,DH8 5BQ,54.85203929999999,-1.8308133
The Five Quarter Peterlee (Wetherspoon),hailsham place,,Peterlee,County Durham,SR8 1AB,54.7582124,-1.3326312
The Grand Electric Hall Spennymoor (Wetherspoon),2 Cheapside,,Spennymoor,County Durham,DL16 6DJ,54.699619,-1.600239
The Hat and Feathers Seaham (Wetherspoon),57-59 Church Street,,Seaham,County Durham,SR7 7HF,54.837059,-1.333609
The Horse Shoe Inn Crook (Wetherspoon),4 Church Street,,Crook,County Durham,DL15 9BH,54.7149637,-1.7430847
The Stanley Jefferson Bishop Auckland (Wetherspoon),5 Market Place,,Bishop Auckland,County Durham,DL14 7NJ,54.6653489,-1.6730444
The Tanners Hall Darlington (Wetherspoon),63-64 Skinnergate,,Darlington,,DL3 7LL,54.52558,-1.5572349
The Thomas Sheraton StocktononTees (Wetherspoon),4 Bridge Road,,Stockton-on-Tees,,TS18 1BH,54.5614222,-1.31295
The Ward Jackson Hartlepool (Wetherspoon),3-9 Church Street,,Hartlepool,,TS24 7EU,54.6855594,-1.2085987
The Water House Durham (Wetherspoon),65 North Road,,Durham,County Durham,DH1 4SQ,54.777318,-1.581012
The Wicket Gate ChesterleStreet (Wetherspoon),193 Front Street,,Chester-le-Street,County Durham,DH3 3AX,54.85215299999999,-1.573482
The William Stead Darlington (Wetherspoon),8 Crown Street,,Darlington,,DL1 1LU,54.5256649,-1.5527535
The Blackwater Stream Poole (Wetherspoon),180 Lower Blandford Road,,Broadstone,Dorset,BH18 8DP,50.75938430000001,-1.993248
The Christopher Creeke Bournemouth (Wetherspoon),2 Holdenhurst Road,Boscombe,Bournemouth,Dorset,BH8 8AD,50.72238919999999,-1.8657126
The Greyhound Bridport (Wetherspoon),2 East Street,,Bridport,Dorset,DT6 3LF,50.7334567,-2.7579138
The Lord Wimborne Poole (Wetherspoon),59 Lagland Street,,Poole,Dorset,BH15 1QD,50.716528,-1.982635
The Man in the Wall Wimborne (Wetherspoon),10 West Borough,,Wimborne,Dorset,BH21 1NF,50.800828,-1.988347
The Mary Shelley Bournemouth (Wetherspoon),The Quadrant Centre,,Bournemouth,Dorset,BH1 2AD,50.7206195,-1.8762062
The Moon in the Square Bournemouth (Wetherspoon),4-8 Exeter Road,,Bournemouth,Dorset,BH2 5AQ,50.7195998,-1.8803257
The Nightjar Ferndown (Wetherspoon),94 Victoria Road,,Ferndown,Dorset,BH22 9JA,50.8034396,-1.890603
The Parkstone and Heatherlands Bournemouth (Wetherspoon),433-457 Wimborne Road,,Bournemouth,Dorset,BH9 2AN,50.7433583,-1.8785111
The Quay Poole (Wetherspoon),21 The Quay,,Poole,Dorset,BH15 1HJ,50.71220870000001,-1.9871792
The Royal Oak Dorchester (Wetherspoon),21-22 High West Street,,Dorchester,Dorset,DT1 1UW,50.715142,-2.43915
The Swan Weymouth (Wetherspoon),41-43 Saint Thomas Street,,Weymouth,Dorset,DT4 8EH,50.608179,-2.455053
The William Henry Weymouth (Wetherspoon),1 Frederick Place,,Weymouth,Dorset,DT4 8HQ,50.6115867,-2.4542788
The Blue Bell Inn Scunthorpe (Wetherspoon),1-7 Oswald Road,,Scunthorpe,North Lincolnshire,DN15 7PU,53.590434,-0.654238
The White Horse Brigg (Wetherspoon),Wrawby Street,,Brigg,North Lincolnshire,DN20 8JR,53.5524619,-0.4887708
The Bransty Arch Whitehaven (Wetherspoon),Bransty Row,,Whitehaven,Cumbria,CA28 7XE,54.55086129999999,-3.587176799999999
The Chief Justice of the Common Pleas Keswick (Wetherspoon),2 Bank Street,,Keswick,Cumbria,CA12 5JY,54.601931,-3.1376169
The Dog Beck Penrith (Wetherspoon),21-22 Southend Road,,Penrith,Cumbria,CA11 8JH,54.6618888,-2.7503787
The Furness Railway BarrowinFurness (Wetherspoon),76-80 Abbey Road,,Barrow-in-Furness,Cumbria,LA14 5UB,54.115776,-3.227954
The Henry Bessemer Workington (Wetherspoon),Oxford Street,,Workington,Cumbria,CA14 2NA,54.64307600000001,-3.548045
The Miles Thompson Kendal (Wetherspoon),Allhallows Lane,,Kendal,Cumbria,LA9 4JH,54.326752,-2.748549
The William Rufus Carlisle (Wetherspoon),10-16 Botchergate,,Carlisle,Cumbria,CA1 1QS,54.8912742,-2.9319364
Woodrow Wilson Carlisle (Wetherspoon),48 Botchergate,,Carlisle,Cumbria,CA1 1QS,54.8907509,-2.9307268
The Bull and Stirrup Hotel (Wetherspoon),8 Upper Northgate Street,,Chester,Cheshire West and Chester,CH1 4EE,53.1943804,-2.8933884
The Calverts Court Stockport (Wetherspoon),13 Saint Petersgate,,Stockport,Greater Manchester,SK1 1EB,53.4102611,-2.157573
The Counting House Congleton (Wetherspoon),18 Swan Bank,Cheshire,Congleton,Cheshire East,CW12 1AH,53.1638451,-2.2146523
The Ferry Boat Runcorn (Wetherspoon),10 Church Street,,Runcorn,Borough of Halton,WA7 1LR,53.3422122,-2.7315884
The Friar Penketh Warrington (Wetherspoon),4 Barbauld Street,Friars Gate,Warrington,,WA1 1EX,53.387163,-2.593436
The Kingfisher Poynton (Wetherspoon),London Road South,Poynton,Stockport,Cheshire East,SK12 1NJ,53.3464643,-2.124030400000001
The Looking Glass Warrington (Wetherspoon),41-43 Buttermarket Street,,Warrington,,WA1 2LY,53.3898277,-2.5917156
The Penny Black Northwich (Wetherspoon),110 Witton Street,,Northwich,Cheshire West and Chester,CW9 5AB,53.26215939999999,-2.5085731
The Premier Widnes (Wetherspoon),93-99,Albert Road,Widnes,Borough of Halton,WA8 6LB,53.3704298,-2.7244076
The Queens Arms Winsford (Wetherspoon),Dene Dr,,Winsford,Cheshire West and Chester,CW7 1AT,53.191348,-2.530258
The Society Rooms Macclesfield (Wetherspoon),Park Green,,Macclesfield,Cheshire East,SK11 7NA,53.25639760000001,-2.1243769
The Society Rooms Stalybridge (Wetherspoon),49-51 Grosvenor Street,,Stalybridge,Greater Manchester,SK15 2JN,53.4812553,-2.0572322
The Square Bottle Chester (Wetherspoon),78-92 Foregate Street,,Chester,Cheshire West and Chester,CH1 1HB,53.191467,-2.884266
The Unicorn Altrincham (Wetherspoon),1-7 Ashley Road,,Altrincham,Greater Manchester,WA14 2DP,53.38415999999999,-2.352027
The Wheatsheaf Ellesmere Port (Wetherspoon),43 Overpool Road,,Ellesmere Port,Cheshire West and Chester,CH66 3LN,53.2828527,-2.9231335
The Wilfred Wood Stockport (Wetherspoon),204 London Road,Hazel Grove,Stockport,Greater Manchester,SK7 4DF,53.37944599999999,-2.120471
The Butter Cross Bingham (Wetherspoon),Market Place,Bingham,Nottingham,Nottinghamshire,NG13 8AP,52.9526528,-0.9516547999999999
The Dominie Cross Retford (Wetherspoon),38 Grove Street,,Retford,Nottinghamshire,DN22 6JR,53.322392,-0.9399320000000001
The Ernehale Arnold (Wetherspoon),149-151 Nottingham Road,Arnold,Nottingham,Nottinghamshire,NG5 6JN,53.0015381,-1.1305893
The Last Post Beeston (Wetherspoon),Chilwell Road,Beeston,Nottingham,Nottinghamshire,NG9 1AA,52.92635199999999,-1.21682
The Liquorice Gardens Worksop (Wetherspoon),1a Newcastle Street,,Worksop,Nottinghamshire,S80 2AS,53.30427400000001,-1.123609
The Picture House Sutton in Ashfield (Wetherspoon),Fox Street,,Sutton-in-Ashfield,Nottinghamshire,NG17 1DA,53.1258983,-1.2619143
The Pilgrim Oak Hucknall (Wetherspoon),44-46 High Street,Hucknall,Nottingham,Nottinghamshire,NG15 7AX,53.0380861,-1.2024785
The Regent KirkbyinAshfield (Wetherspoon),Diamond Avenue,Kingsway,Kirkby in Ashfield,Nottingham,NG17 7BQ,53.0986637,-1.2441454
The Sir John Arderne NewarkonTrent (Wetherspoon),1-3 Church Street,,Newark,Nottinghamshire,NG24 1DT,53.076629,-0.809152
The Stag  Pheasant Mansfield (Wetherspoon),Unit 4,Clumber Street,Mansfield,Nottinghamshire,NG18 1NU,53.145772,-1.195501
The Widow Frost Mansfield (Wetherspoon),41 Leeming Street,,Mansfield,Nottinghamshire,NG18 1NB,53.14584199999999,-1.194904
The Captain Noel Newton Oakham (Wetherspoon),55 High Street,,Oakham,Rutland,LE15 6AJ,52.6701513,-0.7311848999999999
The Catherine Wheel HenleyonThames (Wetherspoon),7-15 Hart Street,,Henley-on-Thames,Oxfordshire,RG9 2AR,51.5377886,-0.9037705
The Company of Weavers Witney (Wetherspoon),31 Market Square,,Witney,Oxfordshire,OX28 6AD,51.7835537,-1.4848517
The Exchange Banbury (Wetherspoon),49-50 High Street,,Banbury,Oxfordshire,OX16 5LA,52.060556,-1.33877
The Four Candles Oxford (Wetherspoon),53 George Street,,Oxford,Oxfordshire,OX1 2BE,51.7534083,-1.262175
The Narrows AbingdononThames (Wetherspoon),25 High Street,,Abingdon,Oxfordshire,OX14 5AA,51.6701869,-1.2834024
The Penny Black Bicester (Wetherspoon),58 Sheep Street,,Bicester,Oxfordshire,OX26 6JW,51.8988038,-1.1517219
The Swan  Castle Oxford (Wetherspoon),Castle Street,,Oxford,Oxfordshire,OX1 1AY,51.7511083,-1.2616083
The William Morris Oxford (Wetherspoon),59a Between Towns Road,,Oxford,Oxfordshire,OX4 3LR,51.7322693,-1.2177018
The Cooper Rose Sunderland (Wetherspoon),2-4 Albion Place,,Sunderland,Tyne and Wear,SR1 3NG,54.903408,-1.387901
The Fire Station Whitley Bay (Wetherspoon),18 York Road,,Whitley Bay,Tyne and Wear,NE26 1AB,55.0425453,-1.4450791
The Five Swans Newcastle upon Tyne (Wetherspoon),14 Saint Mary's Place,,Newcastle upon Tyne,Tyne and Wear,NE1 7PG,54.9777399,-1.6117972
The Harry Clasper Whickham (Wetherspoon),Front Street,Whickham,Newcastle upon Tyne,Tyne and Wear,NE16 4HF,54.94586839999999,-1.6733631
The High Main Newcastle upon Tyne (Wetherspoon),63 Shields Road,,Newcastle upon Tyne,Tyne and Wear,NE6 1DL,54.9767545,-1.5842084
The Job Bulman Newcastle upon Tyne (Wetherspoon),Saint Nicholas Avenue,Gosforth,Newcastle upon Tyne,Tyne and Wear,NE3 1AA,55.0047289,-1.6194269
The Keel Row Newcastle upon Tyne (Wetherspoon),Newgate Street,,Newcastle upon Tyne,Tyne and Wear,NE1 5RF,54.9723372,-1.6185083
The Mile Castle Newcastle upon Tyne (Wetherspoon),Grainger Street,,Newcastle upon Tyne,Tyne and Wear,NE1 5XU,54.9702504,-1.6163078
The Quayside Newcastle upon Tyne (Wetherspoon),35-37 Close,,Newcastle upon Tyne,Tyne and Wear,NE1 3RN,54.9673691,-1.6101938
The Ritz Wallsend (Wetherspoon),85-87 High Street West,,Wallsend,Tyne and Wear,NE28 8JD,54.9905556,-1.5369444
The Sir William de Wessyngton Washington (Wetherspoon),2-3 Victoria Road,Concord,Washington,Tyne and Wear,NE37 2SY,54.912658,-1.522992
The Tilley Stone Gateshead (Wetherspoon),10 Jackson Street,,Gateshead,Tyne and Wear,NE8 1EE,54.9617691,-1.6021953
The Wild Boar HoughtonleSpring (Wetherspoon),Frederick Place,,Houghton le Spring,Tyne and Wear,DH4 4BN,54.843412,-1.469199
The William Jameson Sunderland (Wetherspoon),30-32 Fawcett Street,Sunniside,Sunderland,Tyne and Wear,SR1 1RH,54.9045825,-1.3809115
The Wouldhave South Shields (Wetherspoon),16 Mile End Road,,South Shields,Tyne and Wear,NE33 1TA,54.999935,-1.433382
Wetherspoons Gateshead (Wetherspoon),85 Russell Way Intu,Metrocentre,Gateshead,Tyne and Wear,NE11 9XX,54.9578519,-1.6661441
The Cordwainer Northampton (Wetherspoon),The Ridings,,Northampton,Northamptonshire,NN1 2AQ,52.237947,-0.8927029999999999
The Earl of Dalkeith Kettering (Wetherspoon),13-15 Dalkeith Place,,Kettering,Northamptonshire,NN16 0BS,52.3994179,-0.725794
The Railway Inn Rushden (Wetherspoon),143 High Street,,Rushden,Northamptonshire,NN10 0PA,52.29300060000001,-0.599027
The Red Well Wellingborough (Wetherspoon),16 Silver Street,,Wellingborough,Northamptonshire,NN8 1BD,52.3017954,-0.6954788
The Samuel Lloyd Corby (Wetherspoon),Rockingham Leisure Park,Rockingham Road,Corby,Northamptonshire,NN17 4AP,52.50762109999999,-0.7062402999999999
The Saracens Head Inn Daventry (Wetherspoon),1 Brook Street,,Daventry,Northamptonshire,NN11 4GG,52.257732,-1.16451
The Saxon Crown Corby (Wetherspoon),100 Elizabeth Street,,Corby,Northamptonshire,NN17 1FN,52.4873184,-0.6994503
The Cross Keys Beverley (Wetherspoon),8 Lairgate,,Beverley,East Riding of Yorkshire,HU17 8EE,53.843,-0.4333707
The Crown Rivers After Security Terminal 5 (Wetherspoon),Wellington Road,,Hounslow,Greater London,TW6 2GA,51.4731519,-0.4875364
The Flying Chariot Before Security Terminal 2 (Wetherspoon),Heathrow Airport,Terminal 2,Hounslow,Greater London,TW6 1EW,51.4689821,-0.4507244
The Moon Under Water Enfield (Wetherspoon),115-117 Chase Side,,Enfield,Greater London,EN2 6NN,51.6588228,-0.08778709999999999
Wetherspoon Express B Gates After Security Terminal 5 (Wetherspoon),Heathrow Airport,Middlesex,Hounslow,Greater London,TW6 2GA,51.47072430000001,-0.4815493
The Dukes Head Leominster (Wetherspoon),3 Corn Square,,Leominster,Herefordshire,HR6 8LR,52.2271745,-2.7379705
The Kings Fee Hereford (Wetherspoon),49-51 Commercial Road,,Hereford,Herefordshire,HR1 2BP,52.058302,-2.710562
The Mail Rooms RossonWye (Wetherspoon),Gloucester Road,,Ross-on-Wye,Herefordshire,HR9 5BS,51.9138107,-2.5820274
The George Inn Sandbach (Wetherspoon),39 High Street,,Sandbach,Cheshire East,CW11 1AL,53.1433754,-2.3622631
The Half Moon Inn Billingham (Wetherspoon),Unit 1,,Billingham,Stockton-on-Tees,TS23 2NW,54.60737899999999,-1.294102
The Highland Laddie Norton (Wetherspoon),59 High Street,Norton,Stockton-on-Tees,,TS20 1AQ,54.5878639,-1.3107118
The Thomas Botfield Telford (Wetherspoon),Central Square,Telford Shopping Centre,Overdale,Telford,TF3 4BW,52.675617,-2.445659
Thorns Farm Yate (Wetherspoon),Thorns Farm,Yate,Bristol,South Gloucestershire,BS37,51.5400283,-2.4178851
The Bridge House Belfast (Wetherspoon),35-43 Bedford Street,,Belfast,,BT2 7EJ,54.593013,-5.931807900000001
The Central Bar Carrickfergus (Wetherspoon),13-15 High Street,,Carrickfergus,Mid and East Antrim,BT38 7AN,54.7146614,-5.806311399999999
The Tuesday Bell Lisburn (Wetherspoon),4 Lisburn Square,,Lisburn,Lisburn and Castlereagh,BT28 1TS,54.510224,-6.046635999999999
The Spirit Merchant Newtownards (Wetherspoon),54-56 Regent Street,,Newtownards,Ards and North Down,BT23 4LP,54.5943336,-5.701222899999999
An RuadhGhleann Rutherglen (Wetherspoon),40-44 Main Street,Rutherglen,Glasgow,South Lanarkshire,G73 2HY,55.8281891,-4.2177145
The Hay Stook (Wetherspoon),26-36 Princes Avenue,East Kilbride,Glasgow,South Lanarkshire,G74 1JU,55.760972,-4.176766
The John Fairweather Cambuslang (Wetherspoon),52-58 Main Street,Cambuslang,Glasgow,South Lanarkshire,G72 7EP,55.8186693,-4.1661702
Booking Office Edinburgh (Wetherspoon),17 Waverley Bridge,,Edinburgh,,EH1 1BQ,55.9517588,-3.1915146
The Alexander Graham Bell Edinburgh (Wetherspoon),128 George Street,,Edinburgh,,EH2 4JZ,55.9519668,-3.2052679
The Caley Picture House (Wetherspoon),31 Lothian Road,,Edinburgh,,EH1 2DJ,55.9482362,-3.2060102
The Foot of the Walk Leith (Wetherspoon),183 Constitution Street,Leith,Edinburgh,,EH6 7AA,55.9705556,-3.1711111
The Playfair Edinburgh (Wetherspoon),Omni Centre,Leith Walk,Edinburgh,,EH1 3AJ,55.9566045,-3.1858277
The Sir Walter Scott Unit C170 After Security (Wetherspoon),Edinburgh Airport,Ingliston,Edinburgh,,EH12 9DN,55.948862,-3.362945
The Standing Order Edinburgh (Wetherspoon),62-66 George Street,,Edinburgh,,EH2 2LR,55.9529381,-3.1996911
The Turnhouse Before Security (Wetherspoon),Jubilee Road,Ingliston,Edinburgh,,EH12 9DN,55.9488385,-3.3626565
The White Lady Edinburgh (Wetherspoon),92-98 Saint John's Road,Corstorphine,Edinburgh,,EH12 8AT,55.9430885,-3.2825101
Cross Keys Peterhead (Wetherspoon),Back Street,,Peterhead,Aberdeenshire,AB42 1TH,57.50564499999999,-1.7792112
The Archibald Simpson Aberdeen (Wetherspoon),5 Castle Street,,Aberdeen,Aberdeen City,AB11 5BQ,57.148118,-2.093642
The Gordon Highlander Inverurie (Wetherspoon),25 West High Street,,Inverurie,Aberdeenshire,AB51 3QS,57.28477179999999,-2.3796713
The Justice Mill Aberdeen (Wetherspoon),423 Union Street,,Aberdeen,Aberdeen City,AB11 6DA,57.14332959999999,-2.1096718
Hunters Hall Galashiels (Wetherspoon),56-58 High Street,,Galashiels,Scottish Borders,TD1 1SE,55.6179123,-2.8110234
The Bourtree Hawick (Wetherspoon),22 Bourtree Place,,Hawick,Scottish Borders,TD9 9HL,55.4252055,-2.7834249
The Cross Keys Peebles (Wetherspoon),24 Northgate,,Peebles,Scottish Borders,EH45 8RS,55.652703,-3.1886049
Jollys Hotel Broughty Ferry (Wetherspoon),43A Gray Street,Broughty Ferry,Dundee,Dundee City Council,DD5 2BJ,56.4660868,-2.8742538
The Counting House Dundee (Wetherspoon),67 Reform Street,,Dundee,Dundee City Council,DD1 1SP,56.4620893,-2.9717655
Sir John Stirling Maxwell Glasgow (Wetherspoon),140 Kilmarnock Road,Shawlands,Glasgow,Glasgow City,G41 3NN,55.8274563,-4.2847225
The Counting House Glasgow (Wetherspoon),2 Saint Vincent Place,,Glasgow,Glasgow City,G1 2DH,55.8611614,-4.2518642
The Crystal Palace Glasgow (Wetherspoon),36 Jamaica Street,,Glasgow,Glasgow City,G1 4QD,55.8575698,-4.2573466
The Esquire House Glasgow (Wetherspoon),1487 Great Western Road,,Glasgow,Glasgow City,G12 0AU,55.888472,-4.321724
The Henglers Circus Glasgow (Wetherspoon),351-363 Sauchiehall Street,,Glasgow,Glasgow City,G2 3HU,55.86569,-4.2667
The Kirky Puffer Glasgow (Wetherspoon),1-11 Townhead,Kirkintilloch,Glasgow,East Dunbartonshire Council,G66 1NG,55.93824129999999,-4.1545873
The Lord of the Isles Glasgow (Wetherspoon),King's Inch Road,Renfrew,Glasgow,Renfrew,PA4 8XQ,55.8785986,-4.3717127
The Sir John Moore Glasgow (Wetherspoon),260-272 Argyle Street,,Glasgow,Glasgow City,G2 8QW,55.8588034,-4.2601642
The Society Room Glasgow (Wetherspoon),151 West George Street,,Glasgow,Glasgow City,G2 2JJ,55.862294,-4.2570891
The Alexander Bain Wick (Wetherspoon),Market Place,,Wick,Highland Council,KW1 4LP,58.44234299999999,-3.090616
The Great Glen Fort William (Wetherspoon),104 High Street,,Fort William,Highland Council,PH33 6AD,56.8164482,-5.1137605
The Kings Highway Inverness (Wetherspoon),72-74 Church Street,,Inverness,Highland Council,IV1 1EN,57.4795822,-4.2274692
The Auld Brig Irvine (Wetherspoon),Units 13-15 Rivergate Shopping Centre,,Irvine,North Ayrshire Council,KA12 8EH,55.6125028,-4.6728412
The Paddle Steamer Largs (Wetherspoon),Gallowgate Street,,Largs,North Ayrshire Council,KA30 8LX,55.7951997,-4.8701895
The Salt Cot Saltcoats (Wetherspoon),7,Hamilton Street,Saltcoats,North Ayrshire Council,KA21 5DT,55.6335752,-4.7892008
The Blacksmiths Forge Dalkeith (Wetherspoon),5 Newmills Road,,Dalkeith,Midlothian,EH22 1DU,55.89316179999999,-3.0687816
The Bobbing John Alloa (Wetherspoon),46 Drysdale Street,,Alloa,Clackmannanshire,FK10 1JL,56.1159451,-3.7911978
The Brandon Works Motherwell (Wetherspoon),45-61 Merry Street,,Motherwell,North Lanarkshire,ML1 1JJ,55.79162299999999,-3.990256
The Carrick Stone Glasgow (Wetherspoon),Teviot Walk,Cumbernauld,Glasgow,Glasgow,G67 1NG,55.948697,-3.987541
The Vulcan Coatbridge (Wetherspoon),181 Main Street,,Coatbridge,North Lanarkshire,ML5 3HH,55.8616906,-4.0224297
The Wishaw Malt Wishaw (Wetherspoon),62-66 Kirk Road,,Wishaw,North Lanarkshire,ML2 7BL,55.7741681,-3.9180498
The Capital Asset Perth (Wetherspoon),26 Tay Street,,Perth,Perth and Kinross,PH1 5LQ,56.3964569,-3.4259594
The Fair OBlair Blairgowrie (Wetherspoon),25-29 Allan Street,,Blairgowrie,Perth and Kinross,PH10 6AB,56.592614,-3.338402
The Captain James Lang Dumbarton (Wetherspoon),97-99 High Street,,Dumbarton,West Dunbartonshire Council,G82 1LF,55.94327699999999,-4.5715789
The Carron Works Falkirk (Wetherspoon),Bank Street,,Falkirk,,FK1 1NB,56.0001872,-3.783110599999999
The Corn Exchange Arbroath (Wetherspoon),Market Place,,Arbroath,Angus Council,DD11 1HR,56.5585081,-2.5828088
The Corryvreckan Oban (Wetherspoon),Railway Pier,,Oban,Argyll and Bute Council,PA34 4LW,56.412796,-5.474628
The Henry Bell Helensburgh (Wetherspoon),19-29 James Street,,Helensburgh,Argyll and Bute Council,G84 8AS,56.0040711,-4.7376388
The Crossed Peels Stirling (Wetherspoon),8 Spittal Street,,Stirling,,FK8 1AT,56.1186563,-3.938831599999999
The David Macbeth Moir Musselburgh (Wetherspoon),47 Bridge Street,,Musselburgh,East Lothian Council,EH21 6AA,55.943611,-3.057992
The Golden Acorn Glenrothes (Wetherspoon),1 North Street,,Glenrothes,Fife,KY7 5NA,56.1959193,-3.167799
The Guildhall  Linen Exchange Dunfermline (Wetherspoon),79-83 High Street,,Dunfermline,Fife,KY12 7DR,56.07133899999999,-3.461366
The Robert Nairn Kirkcaldy (Wetherspoon),6 Kirk Wynd,,Kirkcaldy,Fife,KY1 1EH,56.1118633,-3.1579229
The James Watt Greenock (Wetherspoon),80-92 Cathcart Street,,Greenock,Inverclyde,PA15 1DD,55.9469286,-4.7534603
The Last Post Paisley (Wetherspoon),County Square,,Paisley,Renfrewshire,PA1 1BN,55.8466667,-4.4247222
The Sanderling After Security (Wetherspoon),Glasgow Airport,Caledonia Way,Paisley,Renfrewshire,PA3 2ST,55.864521,-4.4326196
The Sandpiper Before Security (Wetherspoon),130,Abbotsinch Road,Glasgow,Paisley,PA3 2SW,55.8644444,-4.432500099999999
The Muckle Cross Elgin (Wetherspoon),34 High Street,,Elgin,Moray,IV30 1BU,57.648905,-3.312467
The NewYearField Livingston (Wetherspoon),Unit 1 Almondvale Avenue,,Livingston,West Lothian,EH54 6QX,55.8826711,-3.517857
The Prestwick Pioneer Prestwick (Wetherspoon),87 Main Street,,Prestwick,South Ayrshire Council,KA9 1JS,55.499539,-4.6107859
The West Kirk Ayr (Wetherspoon),58a Sandgate,,Ayr,South Ayrshire Council,KA7 1BX,55.4628615,-4.6341678
The Robert the Bruce Dumfries (Wetherspoon),81-83 Buccleuch Street,,Dumfries,Dumfries and Galloway,DG1 1DJ,55.070304,-3.613408
The Saltoun Inn Fraserburgh (Wetherspoon),Saltoun Square,,Fraserburgh,Aberdeenshire,AB43 9DA,57.69386000000001,-2.005463
The Wheatsheaf Inn Kilmarnock (Wetherspoon),70 Portland Street,,Kilmarnock,East Ayrshire Council,KA1 1JG,55.6111336,-4.4971361
Pen Cob Pwllheli (Wetherspoon),Station Square,,Pwllheli,Gwynedd,LL53 5HG,52.8878309,-4.4175115
Tafarn Y Porth Caernarfon (Wetherspoon),5-9 Greengate Street,,Caernarfon,Gwynedd,LL55 1AG,53.140893,-4.2748852
The Black Bull Inn Bangor (Wetherspoon),107 High Street,,Bangor,Gwynedd,LL57 1NS,53.2244444,-4.1288889
The Aneurin Bevan Cardiff (Wetherspoon),Caerphilly Road,,Cardiff,,CF14 4AD,51.50770240000001,-3.1998881
The Central Bar Cardiff (Wetherspoon),39 Windsor Place,,Cardiff,,CF10 3BW,51.4833502,-3.172894
The Ernest Willows Cardiff (Wetherspoon),2-12 City Road,,Cardiff,,CF24 3DL,51.485684,-3.165617
The Gatekeeper Cardiff (Wetherspoon),10 Westgate Street,,Cardiff,,CF10 1DD,51.4802871,-3.1817302
The Great Western Cardiff (Wetherspoon),64 Saint Mary Street,,Cardiff,,CF10 1FA,51.4766086,-3.1769103
The Ivor Davies Cardiff (Wetherspoon),245-249 Cowbridge Road East,,Cardiff,,CF11 9AN,51.4813132,-3.2003483
The Mount Stuart Cardiff (Wetherspoon),Landsea House Stuart Place,,Cardiff,,CF10 5BU,51.462637,-3.1664904
The Prince of Wales Cardiff (Wetherspoon),81-83 St. Mary's Street,,Cardiff,,CF10 1FA,51.47750749999999,-3.1777203
The Bank Statement Swansea (Wetherspoon),57-58 Wind Street,,Swansea,,SA1 1EP,51.619375,-3.940487
The Mardy Inn Swansea (Wetherspoon),117 High Street,Gorseinon,Swansea,,SA4 4BR,51.669039,-4.037612
The Potters Wheel Swansea (Wetherspoon),85-86 The Kingsway,,Swansea,,SA1 5JE,51.619245,-3.949492
The Red Lion Inn Swansea (Wetherspoon),49 Sway Road,Morriston,Swansea,,SA6 6JA,51.6686287,-3.9227323
The Bears Head Penarth (Wetherspoon),37-39 Windsor Road,,Penarth,Vale of Glamorgan,CF64 1JD,51.4394331,-3.1756007
The Sir Samuel Romilly Barry (Wetherspoon),Romilly Buildings,,Barry,Vale of Glamorgan,CF62 7AU,51.3985797,-3.2843155
The Bell Hanger Chepstow (Wetherspoon),9-10 St. Mary Street,,Chepstow,Monmouthshire,NP16 5EW,51.6424564,-2.6735951
The Coliseum Abergavenny (Wetherspoon),Lion Street,,Abergavenny,Monmouthshire,NP7 5PE,51.8231773,-3.0190616
The Kings Head Monmouth (Wetherspoon),8 Agincourt Square,,Monmouth,Monmouthshire,NP25 3DY,51.8117944,-2.7157472
The Black Boy Newtown (Wetherspoon),31-32 Broad Street,,Newtown,Powys,SY16 2BQ,52.5164227,-3.3161818
The George Hotel Brecon (Wetherspoon),3A George Street,,Brecon,Powys,LD3 7LD,51.9486645,-3.3911091
The Castle Hotel Ruthin (Wetherspoon),Saint Peter's Square,,Ruthin,Denbighshire,LL15 1AA,53.114594,-3.310398
The Sussex Rhyl (Wetherspoon),20-26 Sussex Street,,Rhyl,Denbighshire,LL18 1SG,53.3208265,-3.4920402
The Central Hotel Shotton (Wetherspoon),24,Chester Road West,Shotton,Deeside,CH5 1BX,53.2123184,-3.0390327
The Gold Cape Mold (Wetherspoon),8-8a,Wrexham Street,Mold,Flintshire,CH7 1ES,53.1664251,-3.1412312
The Market Cross Holywell (Wetherspoon),9-11 High Street,,Holywell,Flintshire,CH8 7LA,53.27425479999999,-3.2227647
The David Protheroe Neath (Wetherspoon),7 Windsor Road,,Neath,Neath Port Talbot Principle Area,SA11 1LS,51.661853,-3.80636
The Lord Caradoc Port Talbot (Wetherspoon),73 Station Road,,Port Talbot,Neath Port Talbot Principle Area,SA13 1NW,51.5943794,-3.782192
The Elihu Yale Wrexham (Wetherspoon),44-46 Regent Street,,Wrexham,Wrexham Principal Area,LL11 1RR,53.047069,-2.9969123
The North and South Wales Bank Wrexham (Wetherspoon),14 High Street,,Wrexham,Wrexham Principal Area,LL13 8HP,53.0453281,-2.991911
The Godfrey Morgan Newport (Wetherspoon),158 Chepstow Road,Maindee,Newport,,NP19 8EG,51.5897351,-2.9784432
The John Wallace Linton Newport (Wetherspoon),Bridge Street,Baneswell,Newport,,NP20 4AN,51.5876078,-2.9986579
The Queens Hotel Newport (Wetherspoon),Bridge Street,Baneswell,Newport,,NP20 4AN,51.5876078,-2.9986579
The John Fielding Cwmbran (Wetherspoon),1 Caradoc Road,,Cwmbran,Torfaen Principal Area,NP44 1PP,51.6552878,-3.0205189
The Malcolm Uphill Caerphilly (Wetherspoon),87-91 Cardiff Road,,Caerphilly,Caerphilly County Borough,CF83 1FQ,51.572346,-3.2199332
The Sirhowy Blackwood (Wetherspoon),61-63 High Street,,Blackwood,Caerphilly County Borough,NP12 1BA,51.66917300000001,-3.1953951
The Olympia Tredegar (Wetherspoon),Morgan Street,,Tredegar,Blaenau Gwent,NP22 3ND,51.7711415,-3.245196
The Picture House Ebbw Vale (Wetherspoon),Market Street,,Ebbw Vale,Blaenau Gwent,NP23 6HP,51.779583,-3.2080799
The Pontlottyn Abertillery (Wetherspoon),14-20 Somerset Street,,Abertillery,Blaenau Gwent,NP13 1DJ,51.7298306,-3.1345442
The Palladium Llandudno (Wetherspoon),7 Gloddaeth Street,,Llandudno,Conwy Principal Area,LL30 2DD,53.325173,-3.832359
The Picture House Colwyn Bay (Wetherspoon),24-26 Princes Drive,,Colwyn Bay,Conwy Principal Area,LL29 8LA,53.296743,-3.7278117
The Sawyers Arms Maesteg (Wetherspoon),3-6 Commercial Street,,Maesteg,Bridgend County Borough,CF34 9DF,51.6084212,-3.6598299
The Wyndham Arms Bridgend (Wetherspoon),Dunraven Place,,Bridgend,Bridgend County Borough,CF31 1JE,51.5066271,-3.5792785
The Tumble Inn Pontypridd (Wetherspoon),4-9 Broadway,Sardis Road,Pontypridd,Rhondda Cynon Taff,CF37 1BA,51.5994911,-3.3407073
Yr Ieuan Ap Iago Aberdare (Wetherspoon),6 High Street,,Aberdare,Rhondda Cynon Taff,CF44 7AA,51.712742,-3.446322
The William Owen Haverfordwest (Wetherspoon),6 Quay Street,,Haverfordwest,Pembrokeshire,SA61 1BG,51.80157089999999,-4.9679551
The York Palace Llanelli (Wetherspoon),51 Stepney Street,,Llanelli,Carmarthenshire,SA15 3YA,51.6810748,-4.1630654
Yr Hen Dderwen Carmarthen (Wetherspoon),47-48 King Street,,Carmarthen,Carmarthenshire,SA31 1BH,51.8571091,-4.304986
Y Dic Penderyn Merthyr Tydfil (Wetherspoon),102-103 High Street,,Merthyr Tydfil,Merthyr Tydfil County Borough,CF47 8AP,51.7473837,-3.3782454
Yr Hen Orsaf Aberystwyth (Wetherspoon),Alexandra Road,,Aberystwyth,Ceredigion,SY23 1LN,52.414131,-4.0816573
